<?xml version="1.0" encoding="utf-8"?>
<COLLADA xmlns="http://www.collada.org/2005/11/COLLADASchema" version="1.4.1" xmlns:xsi="http://www.w3.org/2001/XMLSchema-instance">
  <asset>
    <contributor>
      <author>Blender User</author>
      <authoring_tool>Blender 4.5.2 LTS commit date:2025-08-19, commit time:15:00, hash:ab25eae04993</authoring_tool>
    </contributor>
    <created>2026-08-07T21:40:26</created>
    <modified>2026-08-07T21:40:26</modified>
    <unit name="meter" meter="1"/>
    <up_axis>Z_UP</up_axis>
  </asset>
  <library_effects>
    <effect id="Material_007-effect">
      <profile_COMMON>
        <technique sid="common">
          <lambert>
            <emission>
              <color sid="emission">0 0 0 1</color>
            </emission>
            <diffuse>
              <color sid="diffuse">0.0200436 0.0200436 0.0200436 1</color>
            </diffuse>
            <index_of_refraction>
              <float sid="ior">1.5</float>
            </index_of_refraction>
          </lambert>
        </technique>
      </profile_COMMON>
    </effect>
    <effect id="Stainless_Steel_-_Polished_001-effect">
      <profile_COMMON>
        <technique sid="common">
          <lambert>
            <emission>
              <color sid="emission">0 0 0 1</color>
            </emission>
            <diffuse>
              <color sid="diffuse">0.796078 0.796078 0.796078 1</color>
            </diffuse>
            <index_of_refraction>
              <float sid="ior">1.5</float>
            </index_of_refraction>
          </lambert>
        </technique>
      </profile_COMMON>
    </effect>
  </library_effects>
  <library_images/>
  <library_materials>
    <material id="Material_007-material" name="Material.007">
      <instance_effect url="#Material_007-effect"/>
    </material>
    <material id="Stainless_Steel_-_Polished_001-material" name="Stainless_Steel_-_Polished.001">
      <instance_effect url="#Stainless_Steel_-_Polished_001-effect"/>
    </material>
  </library_materials>
  <library_geometries>
    <geometry id="meshes_0_-13_001-mesh" name="meshes[0]-13.001">
      <mesh>
        <source id="meshes_0_-13_001-mesh-positions">
          <float_array id="meshes_0_-13_001-mesh-positions-array" count="4152">-0.01178574 0.03143644 -0.00517559 -0.00558573 0.03143644 -0.00517559 -0.01178574 0.03195071 5.37871e-4 -0.00558573 0.03195071 5.37871e-4 -0.01178574 0.03195071 5.37871e-4 -0.00558573 0.03195071 5.37871e-4 -0.01178574 0.03143644 0.006251275 -0.00558573 0.03143644 0.006251275 -0.01178574 0.0299102 0.01178169 -0.00558573 0.0299102 0.01178169 -0.01178574 0.02742105 0.0169506 -0.00558573 0.02742105 0.0169506 -0.01178574 0.02404898 0.02159214 -0.00558573 0.02404898 0.02159214 -0.01178574 0.01990234 0.02555656 -0.00558573 0.01990234 0.02555656 -0.01178574 0.01511448 0.02871704 -0.00558573 0.01511448 0.02871704 -0.01178574 0.009839236 0.03097152 -0.005585789 0.009839236 0.03097152 -0.01178574 0.004246175 0.03224849 -0.005585789 0.004246175 0.03224849 -0.01178574 -0.00148493 0.03250598 -0.005585789 -0.00148493 0.03250598 -0.01178574 -0.007169902 0.03173542 -0.005585789 -0.007169902 0.03173542 -0.01178574 -0.01262605 0.02996253 -0.005585789 -0.01262605 0.02996253 -0.01178574 -0.01767796 0.02724456 -0.005585789 -0.01767796 0.02724456 -0.01178574 -0.02216327 0.02366733 -0.005585789 -0.02216327 0.02366733 -0.01178574 -0.02593779 0.01934719 -0.005585789 -0.02593779 0.01934719 -0.01178574 -0.02888023 0.01442241 -0.005585789 -0.02888023 0.01442241 -0.01178574 -0.03089606 0.009051322 -0.005585789 -0.03089606 0.009051322 -0.01178574 -0.03192043 0.003406524 -0.005585789 -0.03192043 0.003406524 -0.01178574 -0.03192043 -0.00233072 -0.005585789 -0.03192043 -0.00233072 -0.01178574 -0.03089606 -0.007975578 -0.005585789 -0.03089606 -0.007975578 -0.01178574 -0.02888023 -0.01334667 -0.005585789 -0.02888023 -0.01334667 -0.01178574 -0.02593779 -0.01827144 -0.005585789 -0.02593779 -0.01827144 -0.01178574 -0.02216327 -0.02259159 -0.005585789 -0.02216327 -0.02259159 -0.01178574 -0.01767796 -0.02616882 -0.005585789 -0.01767796 -0.02616882 -0.01178574 -0.01262605 -0.02888679 -0.005585789 -0.01262605 -0.02888679 -0.01178574 -0.007169902 -0.03065967 -0.005585789 -0.007169902 -0.03065967 -0.01178574 -0.00148493 -0.03143024 -0.005585789 -0.00148493 -0.03143024 -0.01178574 0.004246115 -0.03117275 -0.005585789 0.004246115 -0.03117275 -0.01178574 0.009839236 -0.02989578 -0.005585789 0.009839236 -0.02989578 -0.01178574 0.01511448 -0.02764129 -0.00558573 0.01511448 -0.02764129 -0.01178574 0.01990234 -0.02448081 -0.00558573 0.01990234 -0.02448081 -0.01178574 0.02404898 -0.02051639 -0.00558573 0.02404898 -0.02051639 -0.01178574 0.02742105 -0.01587486 -0.00558573 0.02742105 -0.01587486 -0.01178574 0.0299102 -0.01070594 -0.00558573 0.0299102 -0.01070594 -0.01178574 0.03143644 0.006251275 -0.01178574 0.03713649 0.006743371 -0.01178574 0.03195071 5.37871e-4 -0.01178574 0.0376507 5.37871e-4 -0.01178574 0.03713649 -0.005667686 -0.01178574 0.03560799 0.01277923 -0.01178574 0.0299102 0.01178169 -0.01178574 0.03310686 0.01848125 -0.01178574 0.02742105 0.0169506 -0.01178574 0.02970129 0.02369403 -0.01178574 0.02404898 0.02159214 -0.01178574 0.0254842 0.02827453 -0.01178574 0.01990234 0.02555656 -0.01178574 0.02057063 0.03209877 -0.01178574 0.01511448 0.02871704 -0.01178574 0.01509457 0.03506278 -0.01178574 0.009839236 0.03097152 -0.01178574 0.00920546 0.03708457 -0.01178574 0.004246175 0.03224849 -0.01178574 0.003063917 0.03810882 -0.01178574 -0.00148493 0.03250598 -0.01178574 -0.003162503 0.03810882 -0.01178574 -0.007169902 0.03173542 -0.01178574 -0.009304046 0.03708457 -0.01178574 -0.01262605 0.02996253 -0.01178574 -0.01519316 0.03506278 -0.01178574 -0.01767796 0.02724456 -0.01178574 -0.02066922 0.03209877 -0.01178574 -0.02558279 0.02827453 -0.01178574 -0.02216327 0.02366733 -0.01178574 -0.02979987 0.02369403 -0.01178574 -0.02593779 0.01934719 -0.01178574 -0.03320538 0.01848125 -0.01178574 -0.02888023 0.01442241 -0.01178574 -0.03570657 0.01277923 -0.01178574 -0.03089606 0.009051322 -0.01178574 -0.03723508 0.006743431 -0.01178574 -0.03192043 0.003406524 -0.01178574 -0.03774923 5.37874e-4 -0.01178574 -0.03192043 -0.00233072 -0.01178574 -0.03723508 -0.005667626 -0.01178574 -0.03089606 -0.007975578 -0.01178574 -0.03570657 -0.01170349 -0.01178574 -0.02888023 -0.01334667 -0.01178574 -0.03320538 -0.0174055 -0.01178574 -0.02593779 -0.01827144 -0.01178574 -0.02979987 -0.02261829 -0.01178574 -0.02216327 -0.02259159 -0.01178574 -0.02558279 -0.02719879 -0.01178574 -0.01767796 -0.02616882 -0.01178574 -0.02066922 -0.03102302 -0.01178574 -0.01519316 -0.03398704 -0.01178574 -0.01262605 -0.02888679 -0.01178574 -0.009304046 -0.03600883 -0.01178574 -0.007169902 -0.03065967 -0.01178574 -0.003162503 -0.03703308 -0.01178574 -0.00148493 -0.03143024 -0.01178574 0.003063917 -0.03703308 -0.01178574 0.004246115 -0.03117275 -0.01178574 0.00920546 -0.03600883 -0.01178574 0.009839236 -0.02989578 -0.01178574 0.01509457 -0.03398704 -0.01178574 0.01511448 -0.02764129 -0.01178574 0.02057063 -0.03102302 -0.01178574 0.01990234 -0.02448081 -0.01178574 0.0254842 -0.02719879 -0.01178574 0.02404898 -0.02051639 -0.01178574 0.02970129 -0.02261829 -0.01178574 0.02742105 -0.01587486 -0.01178574 0.03310686 -0.0174055 -0.01178574 0.0299102 -0.01070594 -0.01178574 0.03560799 -0.01170349 -0.01178574 0.03143644 -0.00517559 -0.01158577 0.01496374 0.004392623 -0.00558573 0.01496374 0.004392623 -0.01158577 0.01545071 5.37872e-4 -0.00558573 0.01545071 5.37872e-4 -0.01158577 0.01545071 5.37872e-4 -0.00558573 0.01545071 5.37872e-4 -0.01158577 0.01496374 -0.003316879 -0.00558573 0.01496374 -0.003316879 -0.00558573 0.01353341 -0.006929397 -0.01158577 0.01353341 0.008005142 -0.00558573 0.01353341 0.008005142 -0.01158577 0.01124972 0.01114845 -0.005585789 0.01124972 0.01114845 -0.01158577 0.008256018 0.01362514 -0.005585789 0.008256018 0.01362514 -0.01158577 0.004740476 0.01527881 -0.005585789 0.004740476 0.01527881 -0.01158577 9.23966e-4 0.01600742 -0.005585789 9.23966e-4 0.01600742 -0.01158577 -0.002953648 0.01576328 -0.005585789 -0.002953648 0.01576328 -0.01158577 -0.006648838 0.0145626 -0.005585789 -0.006648838 0.0145626 -0.01158577 -0.009929299 0.01248073 -0.005585789 -0.009929299 0.01248073 -0.01158577 -0.01258903 0.009648323 -0.005585789 -0.01258903 0.009648323 -0.01158577 -0.0144608 0.006243705 -0.005585789 -0.0144608 0.006243705 -0.01158577 -0.01542705 0.002480506 -0.005585789 -0.01542705 0.002480506 -0.01158577 -0.01542705 -0.001404702 -0.005585789 -0.01542705 -0.001404702 -0.01158577 -0.0144608 -0.005167961 -0.005585789 -0.0144608 -0.005167961 -0.01158577 -0.01258903 -0.008572578 -0.005585789 -0.01258903 -0.008572578 -0.01158577 -0.009929299 -0.01140499 -0.005585789 -0.009929299 -0.01140499 -0.01158577 -0.006648838 -0.01348686 -0.005585789 -0.006648838 -0.01348686 -0.01158577 -0.002953648 -0.01468753 -0.005585789 -0.002953648 -0.01468753 -0.01158577 9.23965e-4 -0.01493167 -0.005585789 9.23965e-4 -0.01493167 -0.01158577 0.004740476 -0.01420307 -0.005585789 0.004740476 -0.01420307 -0.01158577 0.008256018 -0.0125494 -0.005585789 0.008256018 -0.0125494 -0.01158577 0.01124972 -0.0100727 -0.005585789 0.01124972 -0.0100727 -0.01158577 0.01353341 -0.006929397 -0.01158577 0.01496374 0.004392623 -0.01158577 0.01545071 5.37872e-4 -0.01158577 -0.006648838 0.0145626 -0.01158577 0.01496374 -0.003316879 -0.01158577 0.01353341 -0.006929397 -0.01158577 0.01124972 -0.0100727 -0.01158577 0.008256018 -0.0125494 -0.01158577 0.004740476 -0.01420307 -0.01158577 9.23965e-4 -0.01493167 -0.01158577 -0.002953648 -0.01468753 -0.01158577 -0.006648838 -0.01348686 -0.01158577 -0.009929299 0.01248073 -0.01158577 -0.009929299 -0.01140499 -0.01158577 -0.01258903 0.009648323 -0.01158577 -0.01258903 -0.008572578 -0.01158577 -0.0144608 0.006243705 -0.01158577 -0.0144608 -0.005167961 -0.01158577 -0.01542705 0.002480506 -0.01158577 -0.01542705 -0.001404702 -0.01158577 -0.002953648 0.01576328 -0.01158577 0.004740476 0.01527881 -0.01158577 0.008256018 0.01362514 -0.01158577 0.01124972 0.01114845 -0.01158577 9.23966e-4 0.01600742 -0.01158577 0.01353341 0.008005142 -0.05058574 -0.01004928 -0.03581142 -0.01178574 -0.01519316 -0.03398704 -0.03058576 -0.01004928 -0.03581142 -0.01178574 -0.009304046 -0.03600883 -0.03058576 -0.005094647 -0.03682327 -0.01178574 -0.003162503 -0.03703308 -0.03058576 -4.92859e-5 -0.03716182 -0.01178574 0.003063917 -0.03703308 -0.03058576 0.004996061 -0.03682327 -0.01178574 0.00920546 -0.03600883 -0.03058576 0.009950697 -0.03581142 -0.01178574 0.01509457 -0.03398704 -0.05058574 0.009950697 -0.03581142 -0.05058574 0.01575726 -0.03368854 -0.01178574 0.02057063 -0.03102302 -0.05058574 0.02113872 -0.03064441 -0.01178574 0.0254842 -0.02719879 -0.05058574 0.02595037 -0.026762 -0.01178574 0.02970129 -0.02261829 -0.05058574 0.03006279 -0.02214622 -0.01178574 0.03310686 -0.0174055 -0.05058574 0.0333653 -0.01691913 -0.01178574 0.03560799 -0.01170349 -0.05058574 0.03576922 -0.01122283 -0.01178574 0.03713649 -0.005667686 -0.05058574 0.0372098 -0.005210876 -0.01178574 0.0376507 5.37871e-4 -0.05058574 0.03764837 9.56534e-4 -0.05058574 0.03764837 9.56534e-4 -0.01178574 0.0376507 5.37871e-4 -0.01178574 0.03713649 0.006743371 -0.05058574 0.03707307 0.007112443 -0.01178574 0.03560799 0.01277923 -0.05058574 0.03549933 0.01309108 -0.01178574 0.03310686 0.01848125 -0.05058574 0.03296965 0.01873207 -0.01178574 0.02970129 0.02369403 -0.05058574 0.02955192 0.02388477 -0.01178574 0.0254842 0.02827453 -0.05058574 0.02533805 0.02840805 -0.01178574 0.02057063 0.03209877 -0.05058574 0.02044141 0.03218269 -0.01178574 0.01509457 0.03506278 -0.05058574 0.01499372 0.03510665 -0.01178574 0.00920546 0.03708457 -0.05058574 0.009141445 0.03710079 -0.01178574 0.003063917 0.03810882 -0.05058574 0.003041982 0.03811073 -0.01178574 -0.003162503 0.03810882 -0.05058574 -0.003140568 0.03811073 -0.05058574 -0.009239971 0.03710079 -0.01178574 -0.009304046 0.03708457 -0.05058574 -0.01509225 0.03510665 -0.01178574 -0.01519316 0.03506278 -0.05058574 -0.02053999 0.03218269 -0.01178574 -0.02066922 0.03209877 -0.05058574 -0.02543658 0.02840805 -0.01178574 -0.02558279 0.02827453 -0.05058574 -0.02965044 0.02388477 -0.01178574 -0.02979987 0.02369403 -0.05058574 -0.03306818 0.01873207 -0.01178574 -0.03320538 0.01848125 -0.05058574 -0.03559792 0.01309108 -0.01178574 -0.03570657 0.01277923 -0.05058574 -0.0371716 0.007112503 -0.01178574 -0.03723508 0.006743431 -0.05058574 -0.03774696 9.56537e-4 -0.01178574 -0.03774923 5.37874e-4 -0.05058574 -0.03730839 -0.005210816 -0.01178574 -0.03723508 -0.005667626 -0.05058574 -0.03586781 -0.01122283 -0.01178574 -0.03570657 -0.01170349 -0.05058574 -0.03346389 -0.01691913 -0.01178574 -0.03320538 -0.0174055 -0.05058574 -0.03016138 -0.02214622 -0.01178574 -0.02979987 -0.02261829 -0.05058574 -0.02604895 -0.026762 -0.01178574 -0.02558279 -0.02719879 -0.05058574 -0.02123731 -0.03064441 -0.01178574 -0.02066922 -0.03102302 -0.05058574 -0.01585584 -0.03368854 0.01540416 0.00720191 0.01697444 0.01540416 -0.001050889 0.01901245 0.01540416 0.006946384 0.01503372 0.01540416 -0.001553595 0.01503372 0.01540416 -0.001050889 0.01105499 0.01540416 4.25496e-4 0.02274131 0.01540416 0.0079512 0.01878356 0.01540416 0.002782881 0.02598667 0.01540416 0.009143054 0.0203371 0.01540416 0.005873143 0.02854251 0.01540416 0.01069635 0.02152919 0.01540416 0.009502112 0.03025054 0.01540416 0.01250523 0.02227783 0.01540416 0.01344174 0.03100204 0.01540416 0.01444637 0.02253341 0.01540416 0.01744449 0.03075027 0.01540416 0.01638752 0.02227783 0.01540416 0.02125883 0.02951049 0.01540416 0.0181964 0.02152919 0.01540416 0.02464514 0.02736186 0.01540416 0.0197497 0.0203371 0.01540416 0.02739065 0.0244379 0.01540416 0.02094155 0.01878356 0.01540416 0.0293228 0.02092361 0.01540416 0.02169084 0.01697444 0.01540416 0.03032022 0.01703929 0.01540416 0.02194637 0.01503372 0.01540416 0.03032022 0.01302814 0.01540416 0.02169084 0.01309204 0.01540416 0.0293228 0.009143829 0.01540416 0.02094155 0.01128387 0.01540416 0.02739065 0.005628526 0.01540416 0.0197497 0.009730339 0.01540416 0.02464514 0.002705514 0.01540416 0.0181964 0.008538246 0.01540416 0.02125883 5.55991e-4 0.01540416 0.01638752 0.007788598 0.01540416 0.01744449 -6.82832e-4 0.01540416 0.01444637 0.007534027 0.01540416 0.01344174 -9.34601e-4 0.01540416 0.01250523 0.007788658 0.01540416 0.009502112 -1.83106e-4 0.01540416 0.01069635 0.008538246 0.01540416 0.005873143 0.001523971 0.01540416 0.009143054 0.009730339 0.01540416 0.002782881 0.004080772 0.01540416 0.0079512 0.01128387 0.01540416 4.25495e-4 0.007325172 0.01540416 0.00720191 0.01309204 0.01540416 -0.03004229 -0.009979248 0.01540416 -0.03054493 -0.01395797 0.01540416 -0.02204495 -0.01395797 0.01540416 -0.03004229 -0.0179367 0.01540416 -0.02178937 -0.0158987 0.01540416 -0.02856588 -0.02166557 0.01540416 -0.02104014 -0.01770782 0.01540416 -0.02620846 -0.02491092 0.01540416 -0.01984822 -0.01926136 0.01540416 -0.02311819 -0.02746677 0.01540416 -0.01829493 -0.02045345 0.01540416 -0.01948922 -0.0291748 0.01540416 -0.0164861 -0.02120208 0.01540416 -0.0155496 -0.0299263 0.01540416 -0.01454496 -0.02145767 0.01540416 -0.01154685 -0.02967453 0.01540416 -0.01260381 -0.02120208 0.01540416 -0.00773245 -0.02843475 0.01540416 -0.01079493 -0.02045345 0.01540416 -0.004346191 -0.02628612 0.01540416 -0.00924164 -0.01926136 0.01540416 -0.001600682 -0.02336215 0.01540416 -0.008049786 -0.01770782 0.01540416 3.31441e-4 -0.01984786 0.01540416 -0.007300496 -0.0158987 0.01540416 0.001328825 -0.01596355 0.01540416 -0.00704497 -0.01395797 0.01540416 0.001328825 -0.0119524 0.01540416 -0.007300496 -0.01201629 0.01540416 3.31442e-4 -0.008068084 0.01540416 -0.008049786 -0.01020812 0.01540416 -0.001600682 -0.004552841 0.01540416 -0.00924164 -0.008654594 0.01540416 -0.004346191 -0.001629829 0.01540416 -0.01079493 -0.007462501 0.01540416 -0.00773245 5.19753e-4 0.01540416 -0.01260381 -0.006712913 0.01540416 -0.01154685 0.001758575 0.01540416 -0.01454496 -0.006458282 0.01540416 -0.0155496 0.002010345 0.01540416 -0.0164861 -0.006712853 0.01540416 -0.01948922 0.00125885 0.01540416 -0.01829493 -0.007462441 0.01540416 -0.02311819 -4.48226e-4 0.01540416 -0.01984822 -0.008654594 0.01540416 -0.02620846 -0.003004968 0.01540416 -0.02104014 -0.01020812 0.01540416 -0.02856588 -0.006249368 0.01540416 -0.02178937 -0.01201629 0.01540416 0.00720191 0.01309204 0.01541417 0.006946384 0.01503372 0.01540416 0.006946384 0.01503372 0.01540416 0.006946384 0.01503372 0.01541417 0.006946384 0.01503372 0.01541417 0.00720191 0.01697444 0.01540416 0.00720191 0.01697444 0.01541417 0.0079512 0.01878356 0.01540416 0.0079512 0.01878356 0.01541417 0.009143054 0.0203371 0.01540416 0.009143054 0.0203371 0.01541417 0.01069635 0.02152919 0.01540416 0.01069635 0.02152919 0.01541417 0.01250523 0.02227783 0.01540416 0.01250523 0.02227783 0.01541417 0.01444637 0.02253341 0.01540416 0.01444637 0.02253341 0.01541417 0.01638752 0.02227783 0.01540416 0.01638752 0.02227783 0.01541417 0.0181964 0.02152919 0.01540416 0.0181964 0.02152919 0.01541417 0.0197497 0.0203371 0.01540416 0.0197497 0.0203371 0.01541417 0.02094155 0.01878356 0.01540416 0.02094155 0.01878356 0.01541417 0.02169084 0.01697444 0.01540416 0.02169084 0.01697444 0.01541417 0.02194637 0.01503372 0.01540416 0.02194637 0.01503372 0.01541417 0.02169084 0.01309204 0.01540416 0.02169084 0.01309204 0.01541417 0.02094155 0.01128387 0.01540416 0.02094155 0.01128387 0.01541417 0.0197497 0.009730339 0.01540416 0.0197497 0.009730339 0.01541417 0.0181964 0.008538246 0.01540416 0.0181964 0.008538246 0.01541417 0.01638752 0.007788598 0.01540416 0.01638752 0.007788598 0.01541417 0.01444637 0.007534027 0.01540416 0.01444637 0.007534027 0.01541417 0.01250523 0.007788658 0.01540416 0.01250523 0.007788658 0.01541417 0.01069635 0.008538246 0.01540416 0.01069635 0.008538246 0.01541417 0.009143054 0.009730339 0.01540416 0.009143054 0.009730339 0.01541417 0.0079512 0.01128387 0.01540416 0.0079512 0.01128387 0.01541417 0.00720191 0.01309204 0.01541417 0.00720191 0.01309204 0.01541417 0.02169084 0.01309204 0.01541417 0.006946384 0.01503372 0.01541417 0.02194637 0.01503372 0.01541417 0.00720191 0.01697444 0.01541417 0.02169084 0.01697444 0.01541417 0.0079512 0.01878356 0.01541417 0.02094155 0.01878356 0.01541417 0.009143054 0.0203371 0.01541417 0.0197497 0.0203371 0.01541417 0.01069635 0.02152919 0.01541417 0.0181964 0.02152919 0.01541417 0.01250523 0.02227783 0.01541417 0.01638752 0.02227783 0.01541417 0.01444637 0.02253341 0.01541417 0.02094155 0.01128387 0.01541417 0.0079512 0.01128387 0.01541417 0.0197497 0.009730339 0.01541417 0.009143054 0.009730339 0.01541417 0.0181964 0.008538246 0.01541417 0.01069635 0.008538246 0.01541417 0.01638752 0.007788598 0.01541417 0.01250523 0.007788658 0.01541417 0.01444637 0.007534027 0.01540416 -0.03004229 -0.009979248 0.01541417 -0.03054493 -0.01395797 0.01540416 -0.03054493 -0.01395797 0.01540416 -0.03054493 -0.01395797 0.01541417 -0.03054493 -0.01395797 0.01541417 -0.03004229 -0.0179367 0.01540416 -0.03004229 -0.0179367 0.01541417 -0.02856588 -0.02166557 0.01540416 -0.02856588 -0.02166557 0.01541417 -0.02620846 -0.02491092 0.01540416 -0.02620846 -0.02491092 0.01541417 -0.02311819 -0.02746677 0.01540416 -0.02311819 -0.02746677 0.01541417 -0.01948922 -0.0291748 0.01540416 -0.01948922 -0.0291748 0.01541417 -0.0155496 -0.0299263 0.01540416 -0.0155496 -0.0299263 0.01541417 -0.01154685 -0.02967453 0.01540416 -0.01154685 -0.02967453 0.01541417 -0.00773245 -0.02843475 0.01540416 -0.00773245 -0.02843475 0.01541417 -0.004346191 -0.02628612 0.01540416 -0.004346191 -0.02628612 0.01541417 -0.001600682 -0.02336215 0.01540416 -0.001600682 -0.02336215 0.01541417 3.31441e-4 -0.01984786 0.01540416 3.31441e-4 -0.01984786 0.01541417 0.001328825 -0.01596355 0.01540416 0.001328825 -0.01596355 0.01541417 0.001328825 -0.0119524 0.01540416 0.001328825 -0.0119524 0.01541417 3.31442e-4 -0.008068084 0.01540416 3.31442e-4 -0.008068084 0.01541417 -0.001600682 -0.004552841 0.01540416 -0.001600682 -0.004552841 0.01541417 -0.004346191 -0.001629829 0.01540416 -0.004346191 -0.001629829 0.01541417 -0.00773245 5.19753e-4 0.01540416 -0.00773245 5.19753e-4 0.01541417 -0.01154685 0.001758575 0.01540416 -0.01154685 0.001758575 0.01541417 -0.0155496 0.002010345 0.01540416 -0.0155496 0.002010345 0.01541417 -0.01948922 0.00125885 0.01540416 -0.01948922 0.00125885 0.01541417 -0.02311819 -4.48226e-4 0.01540416 -0.02311819 -4.48226e-4 0.01541417 -0.02620846 -0.003004968 0.01540416 -0.02620846 -0.003004968 0.01541417 -0.02856588 -0.006249368 0.01540416 -0.02856588 -0.006249368 0.01541417 -0.03004229 -0.009979248 0.01541417 -0.03129369 -0.009829521 0.0134142 -0.03129369 -0.009829521 0.01541417 -0.03179496 -0.01395797 0.0134142 -0.03179496 -0.01395797 0.01541417 -0.03179496 -0.01395797 0.0134142 -0.03179496 -0.01395797 0.01541417 -0.03129369 -0.01808643 0.0134142 -0.03129369 -0.01808643 0.01541417 -0.02981907 -0.02197456 0.0134142 -0.02981907 -0.02197456 0.01541417 -0.02745676 -0.02539634 0.0134142 -0.02745676 -0.02539634 0.01541417 -0.02434408 -0.02815437 0.0134142 -0.02434408 -0.02815437 0.01541417 -0.02066189 -0.03008651 0.0134142 -0.02066189 -0.03008651 0.01541417 -0.01662421 -0.03108215 0.0134142 -0.01662421 -0.03108215 0.01541417 -0.01246571 -0.03108215 0.0134142 -0.01246571 -0.03108215 0.01541417 -0.008428037 -0.03008651 0.0134142 -0.008428037 -0.03008651 0.01541417 -0.004745841 -0.02815437 0.0134142 -0.004745841 -0.02815437 0.01541417 -0.001633167 -0.02539634 0.0134142 -0.001633167 -0.02539634 0.01541417 7.29142e-4 -0.02197456 0.0134142 7.29142e-4 -0.02197456 0.01541417 0.002203762 -0.01808643 0.0134142 0.002203762 -0.01808643 0.01541417 0.002704977 -0.01395797 0.0134142 0.002704977 -0.01395797 0.01541417 0.002203762 -0.009829521 0.0134142 0.002203762 -0.009829521 0.01541417 7.29143e-4 -0.00594139 0.0134142 7.29143e-4 -0.00594139 0.01541417 -0.001633167 -0.002518653 0.0134142 -0.001633167 -0.002518653 0.01541417 -0.004745841 2.38419e-4 0.0134142 -0.004745841 2.38419e-4 0.01541417 -0.008428037 0.002171516 0.0134142 -0.008428037 0.002171516 0.01541417 -0.01246571 0.003166198 0.0134142 -0.01246571 0.003166198 0.01541417 -0.01662421 0.003166198 0.0134142 -0.01662421 0.003166198 0.01541417 -0.02066189 0.002171516 0.0134142 -0.02066189 0.002171516 0.01541417 -0.02434408 2.3842e-4 0.0134142 -0.02434408 2.3842e-4 0.01541417 -0.02745676 -0.002518594 0.0134142 -0.02745676 -0.002518594 0.01541417 -0.02981907 -0.005941331 0.0134142 -0.02981907 -0.005941331 0.01541417 -0.03004229 -0.009979248 0.01541417 -0.03129369 -0.009829521 0.01541417 -0.03054493 -0.01395797 0.01541417 -0.03179496 -0.01395797 0.01541417 -0.03129369 -0.01808643 0.01541417 -0.02981907 -0.005941331 0.01541417 -0.02856588 -0.006249368 0.01541417 -0.02745676 -0.002518594 0.01541417 -0.02620846 -0.003004968 0.01541417 -0.02434408 2.3842e-4 0.01541417 -0.02311819 -4.48226e-4 0.01541417 -0.02066189 0.002171516 0.01541417 -0.01948922 0.00125885 0.01541417 -0.01662421 0.003166198 0.01541417 -0.0155496 0.002010345 0.01541417 -0.01246571 0.003166198 0.01541417 -0.01154685 0.001758575 0.01541417 -0.008428037 0.002171516 0.01541417 -0.00773245 5.19753e-4 0.01541417 -0.004745841 2.38419e-4 0.01541417 -0.004346191 -0.001629829 0.01541417 -0.001633167 -0.002518653 0.01541417 -0.001600682 -0.004552841 0.01541417 7.29143e-4 -0.00594139 0.01541417 3.31442e-4 -0.008068084 0.01541417 0.002203762 -0.009829521 0.01541417 0.001328825 -0.0119524 0.01541417 0.002704977 -0.01395797 0.01541417 0.001328825 -0.01596355 0.01541417 0.002203762 -0.01808643 0.01541417 3.31441e-4 -0.01984786 0.01541417 7.29142e-4 -0.02197456 0.01541417 -0.001600682 -0.02336215 0.01541417 -0.001633167 -0.02539634 0.01541417 -0.004346191 -0.02628612 0.01541417 -0.004745841 -0.02815437 0.01541417 -0.00773245 -0.02843475 0.01541417 -0.008428037 -0.03008651 0.01541417 -0.01154685 -0.02967453 0.01541417 -0.01246571 -0.03108215 0.01541417 -0.0155496 -0.0299263 0.01541417 -0.01662421 -0.03108215 0.01541417 -0.01948922 -0.0291748 0.01541417 -0.02066189 -0.03008651 0.01541417 -0.02311819 -0.02746677 0.01541417 -0.02434408 -0.02815437 0.01541417 -0.02620846 -0.02491092 0.01541417 -0.02745676 -0.02539634 0.01541417 -0.02856588 -0.02166557 0.01541417 -0.02981907 -0.02197456 0.01541417 -0.03004229 -0.0179367 0.0134142 -0.002302289 0.01916217 0.0134142 -0.0127269 0.01821517 0.0134142 -0.002803564 0.01503372 0.0134142 -0.01289731 0.01692104 0.0134142 -0.01339679 0.01571559 0.0134142 -8.27714e-4 0.0230503 0.0134142 -0.01339679 0.02071571 0.0134142 -0.01289731 0.01950931 0.0134142 0.001534581 0.02647209 0.0134142 -0.01131707 0.0394392 0.0134142 -0.01419138 0.0217514 0.0134142 -0.004930973 0.04074287 0.0134142 0.004647254 0.02923011 0.0134142 0.00158143 0.04100513 0.0134142 0.008329451 0.03116226 0.0134142 0.008051753 0.0402193 0.0134142 0.01236712 0.03215789 0.0134142 0.0143122 0.03840637 0.0134142 0.01652562 0.03215789 0.0134142 0.02020066 0.0356121 0.0134142 0.0205633 0.03116226 0.0134142 0.02556473 0.03190898 0.0134142 0.0242455 0.02923011 0.0134142 0.02735817 0.02647209 0.0134142 0.03026539 0.02739429 0.0134142 0.02972048 0.0230503 0.0134142 0.03418087 0.02218341 0.0134142 0.0311951 0.01916217 0.0134142 0.03720986 0.01641273 0.0134142 0.03169637 0.01503372 0.0134142 0.03927379 0.01023006 0.0134142 0.0311951 0.01090526 0.0134142 0.02972048 0.007017076 0.0134142 0.04031938 0.003796517 0.0134142 0.02735817 0.003594338 0.0134142 0.04031938 -0.002720832 0.0134142 0.03927379 -0.009154319 0.0134142 0.0242455 8.37325e-4 0.0134142 0.02116388 -0.01360416 0.0134142 0.0205633 -0.001095771 0.0134142 0.02012836 -0.01280975 0.0134142 0.01892244 -0.01231002 0.0134142 0.01652562 -0.002090454 0.0134142 0.01762837 -0.01213932 0.0134142 0.01633423 -0.01231002 0.0134142 0.01236712 -0.002090454 0.0134142 0.01512837 -0.01280975 0.0134142 0.0140928 -0.01360416 0.0134142 0.002203762 -0.009829521 0.0134142 0.01329821 -0.01463985 0.0134142 0.002704977 -0.01395797 0.0134142 0.01279872 -0.01584529 0.0134142 0.01262837 -0.01713943 0.0134142 0.002203762 -0.01808643 0.0134142 0.01279872 -0.01843357 0.0134142 0.01329821 -0.01963996 0.0134142 7.29142e-4 -0.02197456 0.0134142 0.0140928 -0.02067565 0.0134142 0.008051693 -0.03914356 0.0134142 0.01512837 -0.02147006 0.0134142 0.0143122 -0.03733062 0.0134142 0.01633423 -0.02196979 0.0134142 0.02020066 -0.03453636 0.0134142 0.01762837 -0.02213954 0.0134142 0.01892244 -0.02196979 0.0134142 0.02556473 -0.03083324 0.0134142 0.02012836 -0.02147006 0.0134142 0.02116388 -0.02067565 0.0134142 0.03026539 -0.02631855 0.0134142 0.02195847 -0.01963996 0.0134142 0.02245801 -0.01843357 0.0134142 0.03418087 -0.02110767 0.0134142 0.02262836 -0.01713943 0.0134142 0.02245801 -0.01584529 0.0134142 0.03720986 -0.01533699 0.0134142 0.02195847 -0.01463985 0.0134142 0.008329451 -0.001095771 0.0134142 7.29143e-4 -0.00594139 0.0134142 0.004647254 8.37326e-4 0.0134142 -0.001633167 -0.002518653 0.0134142 0.001534581 0.003594398 0.0134142 -0.004745841 2.38419e-4 0.0134142 -8.27715e-4 0.007017135 0.0134142 -0.008428037 0.002171516 0.0134142 -0.002302289 0.01090526 0.0134142 -0.01246571 0.003166198 0.0134142 -0.01419138 0.0146799 0.0134142 -0.0152269 0.01388549 0.0134142 -0.02255654 0.01950931 0.0134142 -0.03242671 0.02486801 0.0134142 -0.02272695 0.01821517 0.0134142 -0.03591024 0.01935958 0.0134142 -0.02255654 0.01692104 0.0134142 -0.03846496 0.01336288 0.0134142 -0.02205705 0.01571559 0.0134142 -0.02126246 0.0146799 0.0134142 -0.02434408 2.3842e-4 0.0134142 -0.02066189 0.002171516 0.0134142 -0.02205705 0.02071571 0.0134142 -0.0281046 0.029747 0.0134142 -0.02126246 0.0217514 0.0134142 -0.02022695 0.02254581 0.0134142 -0.02305585 0.03386878 0.0134142 -0.01902103 0.02304553 0.0134142 -0.01772695 0.02321529 0.0134142 -0.01741129 0.03712749 0.0134142 -0.01643282 0.02304553 0.0134142 -0.0152269 0.02254581 0.0134142 -0.01643282 0.01338577 0.0134142 -0.01662421 0.003166198 0.0134142 -0.01772695 0.01321506 0.0134142 -0.01902103 0.01338577 0.0134142 -0.02022695 0.01388549 0.0134142 -0.04002481 -0.005958497 0.0134142 -0.02981907 -0.005941331 0.0134142 -0.04054927 5.37874e-4 0.0134142 -0.02745676 -0.002518594 0.0134142 -0.04002481 0.007034301 0.0134142 -0.03129369 -0.009829521 0.0134142 -0.03846496 -0.01228713 0.0134142 -0.03179496 -0.01395797 0.0134142 -0.03591024 -0.01828384 0.0134142 -0.03129369 -0.01808643 0.0134142 -0.03242671 -0.02379226 0.0134142 -0.02981907 -0.02197456 0.0134142 -0.02745676 -0.02539634 0.0134142 -0.0281046 -0.02867126 0.0134142 -0.02434408 -0.02815437 0.0134142 -0.02305591 -0.03279304 0.0134142 -0.02066189 -0.03008651 0.0134142 -0.01741129 -0.03605175 0.0134142 -0.01662421 -0.03108215 0.0134142 -0.01246571 -0.03108215 0.0134142 -0.01131707 -0.03836345 0.0134142 -0.008428037 -0.03008651 0.0134142 -0.004930973 -0.03966712 0.0134142 -0.004745841 -0.02815437 0.0134142 0.00158143 -0.03992938 0.0134142 -0.001633167 -0.02539634 0.01540416 -0.02178937 -0.0158987 0.01541417 -0.02204495 -0.01395797 0.01540416 -0.02204495 -0.01395797 0.01540416 -0.02204495 -0.01395797 0.01541417 -0.02204495 -0.01395797 0.01541417 -0.02178937 -0.01201629 0.01540416 -0.02178937 -0.01201629 0.01541417 -0.02104014 -0.01020812 0.01540416 -0.02104014 -0.01020812 0.01541417 -0.01984822 -0.008654594 0.01540416 -0.01984822 -0.008654594 0.01541417 -0.01829493 -0.007462441 0.01540416 -0.01829493 -0.007462441 0.01541417 -0.0164861 -0.006712853 0.01540416 -0.0164861 -0.006712853 0.01541417 -0.01454496 -0.006458282 0.01540416 -0.01454496 -0.006458282 0.01541417 -0.01260381 -0.006712913 0.01540416 -0.01260381 -0.006712913 0.01541417 -0.01079493 -0.007462501 0.01540416 -0.01079493 -0.007462501 0.01541417 -0.00924164 -0.008654594 0.01540416 -0.00924164 -0.008654594 0.01541417 -0.008049786 -0.01020812 0.01540416 -0.008049786 -0.01020812 0.01541417 -0.007300496 -0.01201629 0.01540416 -0.007300496 -0.01201629 0.01541417 -0.00704497 -0.01395797 0.01540416 -0.00704497 -0.01395797 0.01541417 -0.007300496 -0.0158987 0.01540416 -0.007300496 -0.0158987 0.01541417 -0.008049786 -0.01770782 0.01540416 -0.008049786 -0.01770782 0.01541417 -0.00924164 -0.01926136 0.01540416 -0.00924164 -0.01926136 0.01541417 -0.01079493 -0.02045345 0.01540416 -0.01079493 -0.02045345 0.01541417 -0.01260381 -0.02120208 0.01540416 -0.01260381 -0.02120208 0.01541417 -0.01454496 -0.02145767 0.01540416 -0.01454496 -0.02145767 0.01541417 -0.0164861 -0.02120208 0.01540416 -0.0164861 -0.02120208 0.01541417 -0.01829493 -0.02045345 0.01540416 -0.01829493 -0.02045345 0.01541417 -0.01984822 -0.01926136 0.01540416 -0.01984822 -0.01926136 0.01541417 -0.02104014 -0.01770782 0.01540416 -0.02104014 -0.01770782 0.01541417 -0.02178937 -0.0158987 0.01541417 -0.02178937 -0.0158987 0.01541417 -0.007300496 -0.0158987 0.01541417 -0.02204495 -0.01395797 0.01541417 -0.00704497 -0.01395797 0.01541417 -0.02178937 -0.01201629 0.01541417 -0.007300496 -0.01201629 0.01541417 -0.02104014 -0.01020812 0.01541417 -0.008049786 -0.01020812 0.01541417 -0.01984822 -0.008654594 0.01541417 -0.00924164 -0.008654594 0.01541417 -0.01829493 -0.007462441 0.01541417 -0.01079493 -0.007462501 0.01541417 -0.0164861 -0.006712853 0.01541417 -0.01260381 -0.006712913 0.01541417 -0.01454496 -0.006458282 0.01541417 -0.008049786 -0.01770782 0.01541417 -0.02104014 -0.01770782 0.01541417 -0.00924164 -0.01926136 0.01541417 -0.01984822 -0.01926136 0.01541417 -0.01079493 -0.02045345 0.01541417 -0.01829493 -0.02045345 0.01541417 -0.01260381 -0.02120208 0.01541417 -0.0164861 -0.02120208 0.01541417 -0.01454496 -0.02145767 0.01540416 -0.001050889 0.01901245 0.01541417 -0.001553595 0.01503372 0.01540416 -0.001553595 0.01503372 0.01540416 -0.001553595 0.01503372 0.01541417 -0.001553595 0.01503372 0.01541417 -0.001050889 0.01105499 0.01540416 -0.001050889 0.01105499 0.01541417 4.25495e-4 0.007325172 0.01540416 4.25495e-4 0.007325172 0.01541417 0.002782881 0.004080772 0.01540416 0.002782881 0.004080772 0.01541417 0.005873143 0.001523971 0.01540416 0.005873143 0.001523971 0.01541417 0.009502112 -1.83106e-4 0.01540416 0.009502112 -1.83106e-4 0.01541417 0.01344174 -9.34601e-4 0.01540416 0.01344174 -9.34601e-4 0.01541417 0.01744449 -6.82832e-4 0.01540416 0.01744449 -6.82832e-4 0.01541417 0.02125883 5.55991e-4 0.01540416 0.02125883 5.55991e-4 0.01541417 0.02464514 0.002705514 0.01540416 0.02464514 0.002705514 0.01541417 0.02739065 0.005628526 0.01540416 0.02739065 0.005628526 0.01541417 0.0293228 0.009143829 0.01540416 0.0293228 0.009143829 0.01541417 0.03032022 0.01302814 0.01540416 0.03032022 0.01302814 0.01541417 0.03032022 0.01703929 0.01540416 0.03032022 0.01703929 0.01541417 0.0293228 0.02092361 0.01540416 0.0293228 0.02092361 0.01541417 0.02739065 0.0244379 0.01540416 0.02739065 0.0244379 0.01541417 0.02464514 0.02736186 0.01540416 0.02464514 0.02736186 0.01541417 0.02125883 0.02951049 0.01540416 0.02125883 0.02951049 0.01541417 0.01744449 0.03075027 0.01540416 0.01744449 0.03075027 0.01541417 0.01344174 0.03100204 0.01540416 0.01344174 0.03100204 0.01541417 0.009502112 0.03025054 0.01540416 0.009502112 0.03025054 0.01541417 0.005873143 0.02854251 0.01540416 0.005873143 0.02854251 0.01541417 0.002782881 0.02598667 0.01540416 0.002782881 0.02598667 0.01541417 4.25496e-4 0.02274131 0.01540416 4.25496e-4 0.02274131 0.01541417 -0.001050889 0.01901245 0.01541417 -0.002302289 0.01916217 0.0134142 -0.002302289 0.01916217 0.01541417 -0.002803564 0.01503372 0.0134142 -0.002803564 0.01503372 0.01541417 -0.002803564 0.01503372 0.0134142 -0.002803564 0.01503372 0.01541417 -0.002302289 0.01090526 0.0134142 -0.002302289 0.01090526 0.01541417 -8.27715e-4 0.007017135 0.0134142 -8.27715e-4 0.007017135 0.01541417 0.001534581 0.003594398 0.0134142 0.001534581 0.003594398 0.01541417 0.004647254 8.37326e-4 0.0134142 0.004647254 8.37326e-4 0.01541417 0.008329451 -0.001095771 0.0134142 0.008329451 -0.001095771 0.01541417 0.01236712 -0.002090454 0.0134142 0.01236712 -0.002090454 0.01541417 0.01652562 -0.002090454 0.0134142 0.01652562 -0.002090454 0.01541417 0.0205633 -0.001095771 0.0134142 0.0205633 -0.001095771 0.01541417 0.0242455 8.37325e-4 0.0134142 0.0242455 8.37325e-4 0.01541417 0.02735817 0.003594338 0.0134142 0.02735817 0.003594338 0.01541417 0.02972048 0.007017076 0.0134142 0.02972048 0.007017076 0.01541417 0.0311951 0.01090526 0.0134142 0.0311951 0.01090526 0.01541417 0.03169637 0.01503372 0.0134142 0.03169637 0.01503372 0.01541417 0.0311951 0.01916217 0.0134142 0.0311951 0.01916217 0.01541417 0.02972048 0.0230503 0.0134142 0.02972048 0.0230503 0.01541417 0.02735817 0.02647209 0.0134142 0.02735817 0.02647209 0.01541417 0.0242455 0.02923011 0.0134142 0.0242455 0.02923011 0.01541417 0.0205633 0.03116226 0.0134142 0.0205633 0.03116226 0.01541417 0.01652562 0.03215789 0.0134142 0.01652562 0.03215789 0.01541417 0.01236712 0.03215789 0.0134142 0.01236712 0.03215789 0.01541417 0.008329451 0.03116226 0.0134142 0.008329451 0.03116226 0.01541417 0.004647254 0.02923011 0.0134142 0.004647254 0.02923011 0.01541417 0.001534581 0.02647209 0.0134142 0.001534581 0.02647209 0.01541417 -8.27714e-4 0.0230503 0.0134142 -8.27714e-4 0.0230503 0.01541417 -0.001050889 0.01901245 0.01541417 -0.002302289 0.01916217 0.01541417 -0.001553595 0.01503372 0.01541417 -0.002803564 0.01503372 0.01541417 -0.002302289 0.01090526 0.01541417 -8.27714e-4 0.0230503 0.01541417 4.25496e-4 0.02274131 0.01541417 0.001534581 0.02647209 0.01541417 0.002782881 0.02598667 0.01541417 0.004647254 0.02923011 0.01541417 0.005873143 0.02854251 0.01541417 0.008329451 0.03116226 0.01541417 0.009502112 0.03025054 0.01541417 0.01236712 0.03215789 0.01541417 0.01344174 0.03100204 0.01541417 0.01652562 0.03215789 0.01541417 0.01744449 0.03075027 0.01541417 0.0205633 0.03116226 0.01541417 0.02125883 0.02951049 0.01541417 0.0242455 0.02923011 0.01541417 0.02464514 0.02736186 0.01541417 0.02735817 0.02647209 0.01541417 0.02739065 0.0244379 0.01541417 0.02972048 0.0230503 0.01541417 0.0293228 0.02092361 0.01541417 0.0311951 0.01916217 0.01541417 0.03032022 0.01703929 0.01541417 0.03169637 0.01503372 0.01541417 0.03032022 0.01302814 0.01541417 0.0311951 0.01090526 0.01541417 0.0293228 0.009143829 0.01541417 0.02972048 0.007017076 0.01541417 0.02739065 0.005628526 0.01541417 0.02735817 0.003594338 0.01541417 0.02464514 0.002705514 0.01541417 0.0242455 8.37325e-4 0.01541417 0.02125883 5.55991e-4 0.01541417 0.0205633 -0.001095771 0.01541417 0.01744449 -6.82832e-4 0.01541417 0.01652562 -0.002090454 0.01541417 0.01344174 -9.34601e-4 0.01541417 0.01236712 -0.002090454 0.01541417 0.009502112 -1.83106e-4 0.01541417 0.008329451 -0.001095771 0.01541417 0.005873143 0.001523971 0.01541417 0.004647254 8.37326e-4 0.01541417 0.002782881 0.004080772 0.01541417 0.001534581 0.003594398 0.01541417 4.25495e-4 0.007325172 0.01541417 -8.27715e-4 0.007017135 0.01541417 -0.001050889 0.01105499 0.0134142 -0.02255654 0.01692104 -0.001585781 -0.02255654 0.01692104 0.0134142 -0.02272695 0.01821517 -0.001585781 -0.02272695 0.01821517 0.0134142 -0.02272695 0.01821517 -0.001585781 -0.02272695 0.01821517 0.0134142 -0.02255654 0.01950931 -0.001585781 -0.02255654 0.01950931 0.0134142 -0.02205705 0.02071571 -0.001585781 -0.02205705 0.02071571 0.0134142 -0.02126246 0.0217514 -0.001585781 -0.02126246 0.0217514 0.0134142 -0.02022695 0.02254581 -0.001585781 -0.02022695 0.02254581 0.0134142 -0.01902103 0.02304553 -0.001585781 -0.01902103 0.02304553 0.0134142 -0.01772695 0.02321529 -0.001585781 -0.01772695 0.02321529 0.0134142 -0.01643282 0.02304553 -0.001585781 -0.01643282 0.02304553 0.0134142 -0.0152269 0.02254581 -0.001585781 -0.0152269 0.02254581 0.0134142 -0.01419138 0.0217514 -0.001585781 -0.01419138 0.0217514 0.0134142 -0.01339679 0.02071571 -0.001585781 -0.01339679 0.02071571 0.0134142 -0.01289731 0.01950931 -0.001585781 -0.01289731 0.01950931 0.0134142 -0.0127269 0.01821517 -0.001585781 -0.0127269 0.01821517 0.0134142 -0.01289731 0.01692104 -0.001585781 -0.01289731 0.01692104 0.0134142 -0.01339679 0.01571559 -0.001585781 -0.01339679 0.01571559 0.0134142 -0.01419138 0.0146799 -0.001585781 -0.01419138 0.0146799 0.0134142 -0.0152269 0.01388549 -0.001585781 -0.0152269 0.01388549 0.0134142 -0.01643282 0.01338577 -0.001585781 -0.01643282 0.01338577 0.0134142 -0.01772695 0.01321506 -0.001585781 -0.01772695 0.01321506 0.0134142 -0.01902103 0.01338577 -0.001585781 -0.01902103 0.01338577 0.0134142 -0.02022695 0.01388549 -0.001585781 -0.02022695 0.01388549 0.0134142 -0.02126246 0.0146799 -0.001585781 -0.02126246 0.0146799 0.0134142 -0.02205705 0.01571559 -0.001585781 -0.02205705 0.01571559 0.0134142 0.01279872 -0.01843357 -0.001585721 0.01279872 -0.01843357 0.0134142 0.01262837 -0.01713943 -0.001585781 0.01262837 -0.01713943 0.0134142 0.01262837 -0.01713943 -0.001585781 0.01262837 -0.01713943 0.0134142 0.01279872 -0.01584529 -0.001585721 0.01279872 -0.01584529 0.0134142 0.01329821 -0.01463985 -0.001585721 0.01329821 -0.01463985 0.0134142 0.0140928 -0.01360416 -0.001585721 0.0140928 -0.01360416 0.0134142 0.01512837 -0.01280975 -0.001585721 0.01512837 -0.01280975 0.0134142 0.01633423 -0.01231002 -0.001585721 0.01633423 -0.01231002 0.0134142 0.01762837 -0.01213932 -0.001585721 0.01762837 -0.01213932 0.0134142 0.01892244 -0.01231002 -0.001585721 0.01892244 -0.01231002 0.0134142 0.02012836 -0.01280975 -0.001585721 0.02012836 -0.01280975 0.0134142 0.02116388 -0.01360416 -0.001585721 0.02116388 -0.01360416 0.0134142 0.02195847 -0.01463985 -0.001585721 0.02195847 -0.01463985 0.0134142 0.02245801 -0.01584529 -0.001585721 0.02245801 -0.01584529 0.0134142 0.02262836 -0.01713943 -0.001585721 0.02262836 -0.01713943 0.0134142 0.02245801 -0.01843357 -0.001585721 0.02245801 -0.01843357 0.0134142 0.02195847 -0.01963996 -0.001585721 0.02195847 -0.01963996 0.0134142 0.02116388 -0.02067565 -0.001585721 0.02116388 -0.02067565 0.0134142 0.02012836 -0.02147006 -0.001585721 0.02012836 -0.02147006 0.0134142 0.01892244 -0.02196979 -0.001585721 0.01892244 -0.02196979 0.0134142 0.01762837 -0.02213954 -0.001585721 0.01762837 -0.02213954 0.0134142 0.01633423 -0.02196979 -0.001585721 0.01633423 -0.02196979 0.0134142 0.01512837 -0.02147006 -0.001585721 0.01512837 -0.02147006 0.0134142 0.0140928 -0.02067565 -0.001585721 0.0140928 -0.02067565 0.0134142 0.01329821 -0.01963996 -0.001585721 0.01329821 -0.01963996 -0.001585721 0.01279872 -0.01843357 -0.001585721 0.02245801 -0.01843357 -0.001585781 0.01262837 -0.01713943 -0.001585721 0.02262836 -0.01713943 -0.001585721 0.01279872 -0.01584529 -0.001585721 0.02245801 -0.01584529 -0.001585721 0.01329821 -0.01463985 -0.001585721 0.02195847 -0.01463985 -0.001585721 0.0140928 -0.01360416 -0.001585721 0.02116388 -0.01360416 -0.001585721 0.01512837 -0.01280975 -0.001585721 0.02012836 -0.01280975 -0.001585721 0.01633423 -0.01231002 -0.001585721 0.01892244 -0.01231002 -0.001585721 0.01762837 -0.01213932 -0.001585721 0.02195847 -0.01963996 -0.001585721 0.01329821 -0.01963996 -0.001585721 0.02116388 -0.02067565 -0.001585721 0.0140928 -0.02067565 -0.001585721 0.02012836 -0.02147006 -0.001585721 0.01512837 -0.02147006 -0.001585721 0.01892244 -0.02196979 -0.001585721 0.01633423 -0.02196979 -0.001585721 0.01762837 -0.02213954 -0.05058574 0.009950697 -0.03581142 -0.05058574 0.009950697 -0.03870773 -0.03058576 0.009950697 -0.03581142 -0.03058576 0.009950697 -0.03870773 -0.05058574 -0.01004928 -0.03870773 -0.05058574 -0.01004928 -0.03581142 -0.03058576 -0.01004928 -0.03870773 -0.03058576 -0.01004928 -0.03581142 -0.03058576 -0.01004928 -0.03581142 -0.03058576 -0.005094647 -0.03682327 -0.03058576 -0.01004928 -0.03870773 -0.03058576 -4.92859e-5 -0.03716182 -0.03058576 -0.005088388 -0.0396471 -0.03058576 -4.9286e-5 -0.03996181 -0.03058576 0.004989862 -0.0396471 -0.03058576 0.009950697 -0.03870773 -0.03058576 0.004996061 -0.03682327 -0.03058576 0.009950697 -0.03581142 -0.05058574 0.009950697 -0.03870773 -0.05058574 0.009950697 -0.03581142 -0.05058574 0.01610052 -0.03660297 -0.05058574 0.01575726 -0.03368854 -0.05058574 0.02183437 -0.03354072 -0.05058574 0.02113872 -0.03064441 -0.05058574 0.02700448 -0.02960109 -0.05058574 0.02595037 -0.026762 -0.05058574 0.03147763 -0.02488422 -0.05058574 0.03006279 -0.02214622 -0.05058574 0.03513872 -0.01951313 -0.05058574 0.0333653 -0.01691913 -0.05058574 0.03789335 -0.01362609 -0.05058574 0.03576922 -0.01122283 -0.05058574 0.03967052 -0.007372856 -0.05058574 0.0372098 -0.005210876 -0.05058574 0.04042458 -9.16483e-4 -0.05058574 0.03764837 9.56534e-4 -0.05058574 0.04013597 0.005577027 -0.05058574 0.03707307 0.007112443 -0.05058574 0.03881222 0.01194095 -0.05058574 0.03549933 0.01309108 -0.05058574 0.0364874 0.01801109 -0.05058574 0.03296965 0.01873207 -0.05058574 0.03322136 0.02363109 -0.05058574 0.02955192 0.02388477 -0.05058574 0.02909827 0.02865695 -0.05058574 0.02533805 0.02840805 -0.05058574 0.02422434 0.03295803 -0.05058574 0.02044141 0.03218269 -0.05058574 0.01872515 0.03642368 -0.05058574 0.01499372 0.03510665 -0.05058574 0.01274228 0.03896427 -0.05058574 0.009141445 0.03710079 -0.05058574 0.00642997 0.04051589 -0.05058574 0.003041982 0.03811073 -0.05058574 -4.92816e-5 0.04103755 -0.05058574 -0.003140568 0.03811073 -0.05058574 -0.006528496 0.04051589 -0.05058574 -0.009239971 0.03710079 -0.05058574 -0.01284086 0.03896427 -0.05058574 -0.01509225 0.03510665 -0.05058574 -0.01882374 0.03642368 -0.05058574 -0.02053999 0.03218269 -0.05058574 -0.02432292 0.03295803 -0.05058574 -0.02543658 0.02840805 -0.05058574 -0.02919685 0.02865695 -0.05058574 -0.02965044 0.02388477 -0.05058574 -0.03331989 0.02363109 -0.05058574 -0.03306818 0.01873207 -0.05058574 -0.03658592 0.01801109 -0.05058574 -0.03559792 0.01309108 -0.05058574 -0.0389108 0.01194095 -0.05058574 -0.0371716 0.007112503 -0.05058574 -0.04023456 0.005577087 -0.05058574 -0.03774696 9.56537e-4 -0.05058574 -0.04052311 -9.16479e-4 -0.05058574 -0.03730839 -0.005210816 -0.05058574 -0.03976911 -0.007372796 -0.05058574 -0.03586781 -0.01122283 -0.05058574 -0.03799188 -0.01362609 -0.05058574 -0.03346389 -0.01691913 -0.05058574 -0.03523725 -0.01951313 -0.05058574 -0.03016138 -0.02214622 -0.05058574 -0.03157621 -0.02488422 -0.05058574 -0.02604895 -0.026762 -0.05058574 -0.027103 -0.02960109 -0.05058574 -0.02123731 -0.03064441 -0.05058574 -0.02193289 -0.03354072 -0.05058574 -0.01585584 -0.03368854 -0.05058574 -0.01619911 -0.03660297 -0.05058574 -0.01004928 -0.03581142 -0.05058574 -0.01004928 -0.03870773 0.0134142 -0.04002481 0.007034301 -0.05058574 -0.04023456 0.005577087 0.0134142 -0.04054927 5.37874e-4 -0.05058574 -0.04052311 -9.16479e-4 0.0134142 -0.04002481 -0.005958497 -0.05058574 -0.03976911 -0.007372796 0.0134142 -0.03846496 -0.01228713 -0.05058574 -0.03799188 -0.01362609 0.0134142 -0.03591024 -0.01828384 -0.05058574 -0.03523725 -0.01951313 0.0134142 -0.03242671 -0.02379226 -0.05058574 -0.03157621 -0.02488422 0.0134142 -0.0281046 -0.02867126 -0.05058574 -0.027103 -0.02960109 0.0134142 -0.02305591 -0.03279304 -0.05058574 -0.02193289 -0.03354072 0.0134142 -0.01741129 -0.03605175 -0.05058574 -0.01619911 -0.03660297 0.0134142 -0.01131707 -0.03836345 -0.05058574 -0.01004928 -0.03870773 -0.03058576 -0.01004928 -0.03870773 -0.05058574 -0.0389108 0.01194095 0.0134142 -0.03846496 0.01336288 -0.05058574 -0.03658592 0.01801109 0.0134142 -0.03591024 0.01935958 -0.05058574 -0.03331989 0.02363109 0.0134142 -0.03242671 0.02486801 -0.05058574 -0.02919685 0.02865695 0.0134142 -0.0281046 0.029747 -0.05058574 -0.02432292 0.03295803 0.0134142 -0.02305585 0.03386878 -0.05058574 -0.01882374 0.03642368 0.0134142 -0.01741129 0.03712749 -0.05058574 -0.01284086 0.03896427 0.0134142 -0.01131707 0.0394392 -0.05058574 -0.006528496 0.04051589 0.0134142 -0.004930973 0.04074287 -0.05058574 -4.92816e-5 0.04103755 0.0134142 0.00158143 0.04100513 -0.05058574 0.00642997 0.04051589 0.0134142 0.008051753 0.0402193 -0.05058574 0.01274228 0.03896427 0.0134142 0.0143122 0.03840637 -0.05058574 0.01872515 0.03642368 0.0134142 0.02020066 0.0356121 -0.05058574 0.02422434 0.03295803 0.0134142 0.02556473 0.03190898 -0.05058574 0.02909827 0.02865695 0.0134142 0.03026539 0.02739429 -0.05058574 0.03322136 0.02363109 0.0134142 0.03418087 0.02218341 -0.05058574 0.0364874 0.01801109 0.0134142 0.03720986 0.01641273 -0.05058574 0.03881222 0.01194095 0.0134142 0.03927379 0.01023006 -0.05058574 0.04013597 0.005577027 0.0134142 0.04031938 0.003796517 -0.05058574 0.04042458 -9.16483e-4 0.0134142 0.04031938 -0.002720832 -0.05058574 0.04042458 -9.16483e-4 0.0134142 0.04031938 -0.002720832 -0.05058574 0.03967052 -0.007372856 0.0134142 0.03927379 -0.009154319 -0.05058574 0.03789335 -0.01362609 0.0134142 0.03720986 -0.01533699 -0.05058574 0.03513872 -0.01951313 0.0134142 0.03418087 -0.02110767 -0.05058574 0.03147763 -0.02488422 0.0134142 0.03026539 -0.02631855 -0.05058574 0.02700448 -0.02960109 0.0134142 0.02556473 -0.03083324 -0.05058574 0.02183437 -0.03354072 0.0134142 0.02020066 -0.03453636 -0.05058574 0.01610052 -0.03660297 0.0134142 0.0143122 -0.03733062 -0.03058576 0.009950697 -0.03870773 0.0134142 0.008051693 -0.03914356 -0.03058576 0.004989862 -0.0396471 0.0134142 0.00158143 -0.03992938 -0.03058576 -4.9286e-5 -0.03996181 0.0134142 -0.004930973 -0.03966712 -0.03058576 -0.005088388 -0.0396471 -0.05058574 0.009950697 -0.03870773 -0.001585781 -0.02255654 0.01692104 -0.001585781 -0.01289731 0.01692104 -0.001585781 -0.02272695 0.01821517 -0.001585781 -0.0127269 0.01821517 -0.001585781 -0.02255654 0.01950931 -0.001585781 -0.01289731 0.01950931 -0.001585781 -0.02205705 0.02071571 -0.001585781 -0.01339679 0.02071571 -0.001585781 -0.02126246 0.0217514 -0.001585781 -0.01419138 0.0217514 -0.001585781 -0.02022695 0.02254581 -0.001585781 -0.0152269 0.02254581 -0.001585781 -0.01902103 0.02304553 -0.001585781 -0.01643282 0.02304553 -0.001585781 -0.01772695 0.02321529 -0.001585781 -0.01339679 0.01571559 -0.001585781 -0.02205705 0.01571559 -0.001585781 -0.01419138 0.0146799 -0.001585781 -0.02126246 0.0146799 -0.001585781 -0.0152269 0.01388549 -0.001585781 -0.02022695 0.01388549 -0.001585781 -0.01643282 0.01338577 -0.001585781 -0.01902103 0.01338577 -0.001585781 -0.01772695 0.01321506 -0.00558573 0.03143644 0.006251275 -0.00558573 0.03195071 5.37871e-4 -0.00558573 0.01545071 5.37872e-4 -0.00558573 0.03143644 -0.00517559 -0.00558573 0.01496374 -0.003316879 -0.00558573 0.0299102 -0.01070594 -0.00558573 0.01353341 -0.006929397 -0.00558573 0.02742105 -0.01587486 -0.00558573 0.02404898 -0.02051639 -0.005585789 0.01124972 -0.0100727 -0.00558573 0.01990234 -0.02448081 -0.005585789 0.008256018 -0.0125494 -0.00558573 0.01511448 -0.02764129 -0.005585789 0.004740476 -0.01420307 -0.005585789 0.009839236 -0.02989578 -0.005585789 0.004246115 -0.03117275 -0.005585789 9.23965e-4 -0.01493167 -0.005585789 -0.00148493 -0.03143024 -0.005585789 -0.002953648 -0.01468753 -0.005585789 -0.007169902 -0.03065967 -0.005585789 -0.006648838 -0.01348686 -0.005585789 -0.01262605 -0.02888679 -0.005585789 -0.01767796 -0.02616882 -0.005585789 -0.009929299 -0.01140499 -0.005585789 -0.02216327 -0.02259159 -0.005585789 -0.01258903 -0.008572578 -0.005585789 -0.02593779 -0.01827144 -0.005585789 -0.02888023 -0.01334667 -0.005585789 -0.0144608 -0.005167961 -0.005585789 -0.03089606 -0.007975578 -0.005585789 -0.01542705 -0.001404702 -0.005585789 -0.03192043 -0.00233072 -0.005585789 -0.03192043 0.003406524 -0.005585789 -0.01542705 0.002480506 -0.005585789 -0.03089606 0.009051322 -0.005585789 -0.0144608 0.006243705 -0.005585789 -0.02888023 0.01442241 -0.005585789 -0.01258903 0.009648323 -0.005585789 -0.02593779 0.01934719 -0.005585789 -0.02216327 0.02366733 -0.005585789 -0.009929299 0.01248073 -0.005585789 -0.01767796 0.02724456 -0.005585789 -0.006648838 0.0145626 -0.005585789 -0.01262605 0.02996253 -0.005585789 -0.007169902 0.03173542 -0.005585789 -0.002953648 0.01576328 -0.005585789 -0.00148493 0.03250598 -0.005585789 9.23966e-4 0.01600742 -0.005585789 0.004246175 0.03224849 -0.005585789 0.004740476 0.01527881 -0.005585789 0.009839236 0.03097152 -0.00558573 0.01511448 0.02871704 -0.005585789 0.008256018 0.01362514 -0.00558573 0.01990234 0.02555656 -0.005585789 0.01124972 0.01114845 -0.00558573 0.02404898 0.02159214 -0.00558573 0.01353341 0.008005142 -0.00558573 0.02742105 0.0169506 -0.00558573 0.0299102 0.01178169 -0.00558573 0.01496374 0.004392623</float_array>
          <technique_common>
            <accessor source="#meshes_0_-13_001-mesh-positions-array" count="1384" stride="3">
              <param name="X" type="float"/>
              <param name="Y" type="float"/>
              <param name="Z" type="float"/>
            </accessor>
          </technique_common>
        </source>
        <source id="meshes_0_-13_001-mesh-normals">
          <float_array id="meshes_0_-13_001-mesh-normals-array" count="3588">0 -0.9839293 0.1785582 0 -0.9839303 0.1785534 0 -1 2.45497e-5 0 -1 2.45497e-5 0 -1 -2.45273e-5 0 -1 -2.45497e-5 0 -0.9839303 -0.1785534 0 -0.9839293 -0.1785582 -2.66393e-7 -0.9362387 -0.3513646 -2.79867e-7 -0.936237 -0.3513692 -3.61949e-7 -0.85846 -0.5128806 -3.08073e-7 -0.8584575 -0.5128847 -2.05386e-7 -0.7530765 -0.6579331 -3.13143e-7 -0.7530735 -0.6579365 0 -0.6234861 -0.7818346 -2.05385e-7 -0.6234825 -0.7818374 0 -0.4738537 -0.8806037 0 -0.4738495 -0.8806059 0 -0.3090301 -0.9510524 0 -0.3090254 -0.9510538 0 -0.1342775 -0.9909439 0 -0.1342725 -0.9909445 4.1076e-7 0.04489481 -0.9989918 0 0.0448997 -0.9989915 0 0.2225652 -0.9749179 -4.10757e-7 0.2225702 -0.9749168 0 0.3929883 -0.9195436 0 0.3929929 -0.9195415 0 0.5508766 -0.8345867 0 0.5508809 -0.834584 3.0301e-7 0.6910697 -0.7227882 3.03001e-7 0.6910735 -0.7227845 3.13153e-7 0.8090083 -0.5877974 1.51511e-7 0.8090111 -0.5877934 3.10617e-7 0.9009662 -0.4338896 2.56736e-7 0.9009683 -0.4338849 3.08079e-7 0.9639623 -0.2660391 2.27256e-7 0.9639638 -0.2660339 0 0.9959741 -0.08964115 0 0.9959746 -0.0896362 0 0.9959746 0.0896362 0 0.9959741 0.08964109 2.27256e-7 0.9639638 0.266034 3.08079e-7 0.9639623 0.2660391 2.56736e-7 0.9009685 0.4338846 2.56734e-7 0.9009662 0.4338896 0 0.8090112 0.5877933 2.10461e-7 0.8090081 0.5877975 0 0.6910738 0.7227842 3.13144e-7 0.6910701 0.7227877 0 0.550881 0.8345838 2.05375e-7 0.5508767 0.8345866 0 0.3929928 0.9195417 0 0.3929881 0.9195436 0 0.2225702 0.9749168 0 0.2225654 0.9749178 -4.10765e-7 0.0448997 0.9989915 0 0.04489481 0.9989917 0 -0.1342726 0.9909445 4.10764e-7 -0.1342775 0.9909439 0 -0.3090253 0.9510539 0 -0.3090299 0.9510523 4.10763e-7 -0.4738495 0.8806058 0 -0.4738538 0.8806036 0 -0.6234823 0.7818375 -5.1853e-7 -0.6234859 0.7818346 0 -0.753073 0.657937 -3.13145e-7 -0.7530762 0.6579334 -2.00314e-7 -0.8584574 0.512885 -3.61949e-7 -0.8584598 0.5128808 -3.05538e-7 -0.936237 0.3513692 -2.78596e-7 -0.9362387 0.3513646 -1 0 0 -1 0 -1.50079e-7 -1 0 1.50079e-7 -1 -4.13916e-7 0 -1 0 0 -1 -8.31919e-7 0 -1 2.19159e-7 0 -1 0 0 -1 0 0 -1 4.18709e-7 0 -1 0 0 -1 -4.19348e-7 0 -1 4.35225e-7 0 -1 0 0 -1 2.17643e-7 0 -1 -4.19132e-7 0 -1 3.81436e-7 0 -1 0 0 -1 -1.6464e-7 0 -1 4.15317e-7 0 -1 -2.20689e-7 0 -1 -2.0655e-7 0 -1 2.22212e-7 0 -1 2.05258e-7 0 -1 0 0 -1 4.11439e-7 0 -1 2.19871e-7 0 -1 0 -1.93743e-7 -1 -2.18869e-7 2.03604e-7 -1 -3.13493e-7 0 -1 0 0 -1 -2.0948e-7 0 -1 0 0 -1 4.19411e-7 1.56459e-7 -1 0 -1.56459e-7 -1 0 0 -1 -4.18961e-7 0 -1 0 0 -1 -4.17991e-7 0 -1 -2.18869e-7 -2.03604e-7 -1 0 1.93743e-7 -1 2.19871e-7 0 -1 4.14679e-7 0 -1 4.10516e-7 0 -1 2.22212e-7 0 -1 0 0 -1 -2.20689e-7 0 -1 4.15318e-7 0 -1 -1.6464e-7 0 -1 2.09196e-7 0 -1 3.81436e-7 0 -1 -4.19132e-7 0 -1 2.17643e-7 0 -1 -2.09738e-7 0 -1 4.35226e-7 0 -1 -2.09674e-7 0 -1 4.18709e-7 0 -1 0 0 -1 0 0 -1 -2.19159e-7 0 -1 -2.0798e-7 0 -1 4.40522e-7 0 -1 -4.13916e-7 0 -1 0 0 -1.57294e-7 0.9685837 0.248688 -1.62214e-7 0.9685837 0.2486881 5.83167e-6 1 1.55419e-5 -6.17214e-6 1 1.5527e-5 5.85762e-6 1 -1.55643e-5 -6.13825e-6 1 -1.55643e-5 -1.49202e-7 0.9685837 -0.2486881 -1.35175e-7 0.9685837 -0.2486879 -1.80387e-7 0.8763082 -0.4817512 -1.60133e-7 0.8763082 0.4817509 -1.50489e-7 0.8763077 0.481752 0 0.7289764 0.6845389 0 0.7289757 0.6845397 -1.85392e-7 0.5357736 0.8443617 -1.38734e-7 0.5357728 0.8443623 0 0.3090168 0.9510566 0 0.3090157 0.951057 -3.13185e-7 0.06283992 0.9980236 0 0.06283879 0.9980237 -1.41446e-7 -0.1874085 0.9822821 1.45122e-7 -0.1874096 0.9822819 0 -0.4257844 0.9048247 0 -0.4257855 0.9048243 0 -0.6374331 0.7705057 0 -0.6374339 0.7705052 1.30251e-7 -0.8090183 0.5877835 0 -0.8090189 0.5877827 1.51638e-7 -0.9297727 0.3681344 1.40825e-7 -0.9297729 0.3681337 1.563e-7 -0.9921144 0.1253355 1.55302e-7 -0.9921146 0.1253346 1.47045e-7 -0.9921146 -0.1253345 1.54327e-7 -0.9921144 -0.1253355 1.51669e-7 -0.9297729 -0.3681337 1.53423e-7 -0.9297725 -0.3681346 1.54107e-7 -0.8090192 -0.5877823 1.40567e-7 -0.8090184 -0.5877833 0 -0.6374341 -0.7705049 0 -0.6374332 -0.7705057 0 -0.4257855 -0.9048243 0 -0.4257845 -0.9048247 0 -0.1874096 -0.9822819 0 -0.1874085 -0.9822821 1.59847e-7 0.06283879 -0.9980237 0 0.06283992 -0.9980236 0 0.3090159 -0.951057 0 0.3090167 -0.9510566 0 0.5357726 -0.8443623 0 0.5357735 -0.8443618 0 0.7289754 -0.68454 -1.38708e-7 0.7289761 -0.6845391 -1.2043e-7 0.8763075 -0.4817522 -1 3.71417e-7 0 -1 -1.58142e-7 0 -1 -1.40396e-7 0 -1 0 0 -1 5.23761e-7 -1.64782e-7 -1 0 0 -1 -4.92939e-7 0 -1 -1.29327e-7 0 -1 7.01991e-7 0 -1 0 0 -1 -9.16243e-7 0 -1 9.00826e-7 0 -1 -6.81266e-7 0 -1 -1.31973e-6 0 -1 1.93814e-6 0 -1 0 6.49755e-7 -1 0 -3.43434e-7 -1 0 5.7046e-7 -1 0 0 -1 -3.43584e-7 0 1.0969e-5 0.2652204 0.9641879 -5.54293e-5 0.4017438 0.9157522 1.16494e-5 0.2652327 0.9641845 -1.37023e-5 0.2454622 0.9694063 -2.35951e-6 0.1338101 0.991007 -4.20818e-5 0.08252727 0.9965889 -3.29218e-5 0 1 -4.23505e-5 -0.08252692 0.9965888 -2.50968e-6 -0.1338106 0.991007 -1.40807e-5 -0.245462 0.9694062 1.16896e-5 -0.2652328 0.9641845 -5.56852e-5 -0.4017433 0.9157524 1.08678e-5 -0.2652205 0.9641878 1.20477e-4 -0.419281 0.9078566 -1.27871e-4 -0.5469737 0.8371497 -3.80971e-5 -0.5620431 0.827108 -1.06466e-4 -0.6772578 0.7357458 8.24977e-5 -0.6896227 0.724169 5.92624e-6 -0.7891289 0.6142278 1.32992e-5 -0.7987158 0.6017085 -1.59567e-4 -0.8794796 0.4759368 -5.35968e-5 -0.8863411 0.4630329 9.81813e-5 -0.9458155 0.3247047 -7.78742e-5 -0.950093 0.311967 7.43587e-5 -0.9863608 0.1645977 8.12397e-5 -0.9883056 0.1524866 0 -1 9.91672e-6 8.22116e-4 -0.9999383 -0.01108312 2.88012e-6 -0.9999383 -0.01110762 -8.28664e-4 -0.9999997 -2.45869e-5 -1.57038e-5 -0.986361 -0.1645963 -6.52591e-5 -0.9846779 -0.1743836 -3.33185e-5 -0.9458154 -0.3247049 5.60235e-4 -0.9429198 -0.3330197 -2.33345e-4 -0.8794717 -0.4759512 1.88273e-5 -0.8758422 -0.4825977 -1.58426e-4 -0.7891263 -0.614231 8.12822e-5 -0.7851652 -0.6192865 -4.05027e-4 -0.6772347 -0.735767 3.30125e-4 -0.6733494 -0.7393243 -3.23993e-4 -0.5469508 -0.8371647 2.49861e-4 -0.5435273 -0.8393915 -2.44096e-4 -0.4017081 -0.9157677 1.67436e-4 -0.3990423 -0.9169325 -1.65149e-4 -0.2454179 -0.9694175 8.13053e-5 -0.2437381 -0.9698412 -8.58516e-5 -0.08250319 -0.9965908 -2.73617e-6 -0.08192396 -0.9966386 -8.59049e-5 0.08250361 -0.9965909 -2.68491e-6 0.08192366 -0.9966387 8.13856e-5 0.243738 -0.9698412 -1.65206e-4 0.2454178 -0.9694174 1.67509e-4 0.3990421 -0.9169326 -2.44092e-4 0.4017082 -0.9157677 2.4988e-4 0.5435268 -0.8393918 -3.23994e-4 0.5469507 -0.8371649 3.30155e-4 0.6733492 -0.7393246 -4.0505e-4 0.6772351 -0.7357667 8.12933e-5 0.7851644 -0.6192874 -1.89045e-5 0.7891306 -0.6142255 1.87833e-5 0.8758418 -0.4825985 -2.33412e-4 0.8794711 -0.4759523 5.60126e-4 0.9429199 -0.3330193 -3.3443e-5 0.9458153 -0.3247053 -6.53858e-5 0.9846779 -0.1743831 -1.57579e-5 0.9863612 -0.1645956 1.01025e-4 0.9999384 -0.01110261 4.73059e-6 1 3.87217e-7 8.11783e-5 0.9883058 0.1524854 7.42187e-5 0.9863609 0.1645976 -7.8003e-5 0.950093 0.3119668 9.8051e-5 0.9458155 0.3247048 -7.16065e-6 0.886342 0.4630313 -1.59655e-4 0.879479 0.4759378 1.31797e-5 0.7987163 0.6017081 5.86058e-6 0.7891286 0.6142281 8.24252e-5 0.689623 0.7241685 -1.06469e-4 0.6772584 0.7357452 5.50558e-5 0.5620455 0.8271064 -1.27814e-4 0.5469742 0.8371495 1.20575e-4 0.4192807 0.9078568 1 0 0 1 0 0 1 0 0 1 -4.30749e-7 0 1 4.38831e-7 0 1 0 0 1 -6.56893e-7 0 1 0 0 1 -4.37165e-7 1.82976e-7 1 0 0 1 7.63834e-7 0 1 0 0 1 2.17901e-7 0 1 0 0 1 -2.1763e-7 0 1 0 0 1 -6.52368e-7 0 1 4.34452e-7 0 1 -4.33085e-7 1.3569e-7 1 -2.17086e-7 0 1 -2.16618e-7 0 1 0 0 1 -2.1665e-7 0 1 -2.17013e-7 0 1 -2.16619e-7 0 1 2.1691e-7 0 1 -2.16656e-7 0 1 0 0 1 0 0 1 -2.17072e-7 0 1 -4.33145e-7 -1.35709e-7 1 4.34451e-7 0 1 2.17396e-7 0 1 -1.959e-6 0 1 0 0 1 -5.99263e-7 0 1 0 0 1 7.63781e-7 0 1 0 0 1 4.37126e-7 -1.8296e-7 1 0 0 1 -6.56894e-7 0 1 0 0 1 4.39003e-7 0 1 -4.30666e-7 0 1 -2.19883e-7 0 1 0 0 1 0 0 1 0 0 1 -2.15374e-7 0 1 0 0 1 -2.1556e-7 1.42603e-7 1 8.75859e-7 0 1 4.31945e-7 0 1 -1.7459e-6 0 1 0 0 1 -1.74321e-6 0 1 2.16258e-7 0 1 7.57294e-7 0 1 0 0 1 0 -1.78708e-7 1 0 3.58616e-7 1 0 0 1 0 0 1 -4.33235e-7 0 1 4.33969e-7 0 1 -2.1665e-7 0 1 0 0 1 -4.33238e-7 0 1 1.49125e-7 0 1 -2.16656e-7 0 1 0 0 1 -4.33132e-7 0 1 8.68286e-7 0 1 -2.16572e-7 0 1 8.68904e-7 -3.58615e-7 1 -4.3292e-7 1.78675e-7 1 0 0 1 3.246e-7 0 1 -1.74331e-6 0 1 0 0 1 2.1598e-7 0 1 -6.47319e-7 0 1 0 -1.42623e-7 1 0 0 1 -2.15333e-7 0 1 0 0 0 -0.9659116 -0.2588723 -6.26137e-6 -1 -2.66284e-5 6.23181e-6 -1 -2.67327e-5 6.26363e-6 -1 5.17517e-5 -6.23407e-6 -1 5.18113e-5 0 -0.965933 0.2587924 0 -0.965933 0.2587924 0 -0.8660588 0.4999421 0 -0.866059 0.499942 0 -0.7072364 0.7069772 0 -0.7072359 0.7069777 0 -0.4998841 0.8660924 0 -0.4998843 0.8660922 0 -0.2586745 0.9659646 0 -0.258674 0.9659647 0 -7.15299e-7 1 0 7.08718e-7 1 0 0.2586734 0.9659649 0 0.2586743 0.9659646 0 0.4999469 0.8660561 0 0.4999472 0.866056 0 0.7071446 0.707069 0 0.8660708 0.4999217 0 0.8660703 0.4999222 0 0.9659325 0.2587943 0 0.9659324 0.2587947 0 1 2.41827e-5 0 1 2.42072e-5 0 0.9659143 -0.2588624 0 0.965914 -0.2588633 0 0.8660073 -0.5000315 0 0.866007 -0.5000317 0 0.7072356 -0.7069779 0 0.7072363 -0.7069773 0 0.5001061 -0.8659642 0 0.5001049 -0.8659649 0 0.2586607 -0.9659683 0 0.258659 -0.9659688 0 -2.301e-5 -1 0 -2.25396e-5 -1 0 -0.2586379 -0.9659745 0 -0.2586379 -0.9659744 0 -0.5001702 -0.8659272 0 -0.5001705 -0.8659269 0 -0.7071439 -0.7070698 0 -0.7071435 -0.7070702 0 -0.8660346 -0.4999842 0 -0.8660344 -0.4999845 0 -0.9659116 -0.2588723 1 1.3879e-7 0 1 0 7.81249e-7 1 0 -1.61803e-7 1 -3.23965e-7 3.00036e-7 1 0 -5.79628e-7 1 0 1.82194e-6 1 0 -9.4305e-7 1 0 2.99655e-7 1 -6.25059e-7 -5.78889e-7 1 -9.20029e-7 -1.82876e-6 0 0.968599 -0.248628 0 1 -6.99833e-5 0 1 -6.98939e-5 0 1 2.20463e-5 0 1 2.19494e-5 0 0.9685827 0.248692 0 0.9685823 0.2486935 0 0.8763434 0.481687 0 0.8763435 0.4816867 0 0.7289187 0.6846004 0 0.7289189 0.6846001 0 0.535826 0.8443285 0 0.5358256 0.8443288 0 0.3090397 0.9510492 0 0.3090374 0.95105 0 0.06279653 0.9980264 0 0.06279402 0.9980266 0 -0.1874423 0.9822756 0 -0.1874428 0.9822755 0 -0.4257628 0.9048349 0 -0.4257633 0.9048346 0 -0.6374028 0.7705308 0 -0.6374041 0.7705298 0 -0.8090293 0.5877683 0 -0.8090296 0.587768 0 -0.9297587 0.3681696 0 -0.9297585 0.36817 0 -0.9921138 0.1253406 0 -0.9921139 0.12534 0 -0.9921139 -0.1253399 0 -0.9921138 -0.1253405 0 -0.9297907 -0.3680887 0 -0.9297912 -0.3680875 0 -0.8090184 -0.5877835 0 -0.8090191 -0.5877824 0 -0.6374145 -0.7705212 0 -0.6374148 -0.7705209 0 -0.4258229 -0.9048066 0 -0.4258216 -0.9048072 0 -0.1873177 -0.9822994 0 -0.1873153 -0.9822999 0 0.06279397 -0.9980266 0 0.06279647 -0.9980264 0 0.3089595 -0.9510752 0 0.3089609 -0.9510748 0 0.5357814 -0.8443568 0 0.535781 -0.844357 0 0.7289785 -0.6845367 0 0.7289783 -0.6845369 0 0.8763082 -0.481751 0 0.876308 -0.4817513 0 0.9685987 -0.2486296 0 -0.970942 0.239315 0 -0.9709409 0.2393198 -5.75695e-6 -1 1.61901e-5 5.78425e-6 -1 1.67266e-5 -5.78425e-6 -1 -1.67266e-5 5.75695e-6 -1 -1.61752e-5 0 -0.9709409 -0.2393198 0 -0.970942 -0.239315 0 -0.8854326 -0.4647678 0 -0.8854349 -0.4647635 0 -0.748507 -0.663127 0 -0.74851 -0.6631236 0 -0.5680577 -0.8229888 0 -0.5680614 -0.8229863 0 -0.3546094 -0.9350146 0 -0.3546135 -0.935013 0 -0.1205855 -0.992703 0 -0.1205898 -0.9927024 0 0.1205896 -0.9927026 0 0.1205853 -0.992703 0 0.3546136 -0.9350129 0 0.3546095 -0.9350145 0 0.5680618 -0.8229859 0 0.5680582 -0.8229884 -4.40681e-7 0.7485097 -0.6631239 0 0.7485067 -0.6631272 7.24345e-7 0.8854345 -0.4647642 1.03882e-6 0.8854324 -0.4647681 1.73028e-7 0.970942 -0.2393155 0 0.9709409 -0.2393197 0 1 2.1167e-6 0 1 -2.29349e-6 1.65236e-7 0.9709409 0.2393198 1.65234e-7 0.970942 0.2393155 0 0.8854629 0.4647102 0 0.885465 0.4647063 0 0.7484931 0.6631425 0 0.748496 0.6631394 0 0.568071 0.8229796 0 0.5680745 0.8229773 0 0.3546003 0.935018 0 0.3546044 0.9350165 0 0.1204747 0.9927165 0 0.1204791 0.992716 0 -0.1204791 0.992716 0 -0.1204748 0.9927165 0 -0.3546042 0.9350166 0 -0.3546001 0.9350181 0 -0.568074 0.8229775 0 -0.5680705 0.8229799 0 -0.7484961 0.6631392 0 -0.7484932 0.6631425 0 -0.8854651 0.4647061 0 -0.885463 0.4647101 1 1.45024e-6 0 1 -2.80027e-6 1.9877e-7 1 0 3.50378e-7 1 1.38424e-6 0 1 -1.48546e-6 0 1 6.84621e-7 0 1 3.39289e-7 4.97697e-7 1 -7.56866e-7 5.97532e-7 1 9.53433e-7 1.79415e-7 1 0 0 1 0 -1.36729e-7 1 -1.3308e-6 0 1 7.7184e-7 0 1 7.76948e-7 0 1 -1.32533e-6 0 1 7.71903e-7 0 1 -1.3307e-6 0 1 7.67793e-7 1.3671e-7 1 0 0 1 7.62886e-7 -1.79448e-7 1 -7.56865e-7 -5.9753e-7 1 3.39289e-7 -4.97697e-7 1 6.84924e-7 0 1 -7.42374e-7 0 1 -3.67188e-7 -3.50504e-7 1 -2.80084e-6 -1.98811e-7 1 5.43726e-7 0 1 1.41853e-6 0 1 -7.15224e-7 0 1 -1.70946e-7 0 1 0 0 1 -1.22303e-7 0 1 0 0 1 -4.42924e-7 0 1 -2.49248e-7 0 1 0 0 1 3.41237e-7 0 1 -5.60025e-7 0 1 0 0 1 -2.06633e-7 0 1 2.42249e-7 0 1 6.07495e-7 0 1 -4.1672e-7 1.5507e-7 1 4.58224e-7 0 1 4.52929e-7 0 1 2.75801e-7 0 1 3.1023e-7 0 1 3.93994e-7 1.9107e-7 1 0 0 1 -5.01548e-7 -1.52992e-7 1 0 0 1 -1.54089e-7 0 1 -6.2512e-7 0 1 -1.46982e-7 0 1 0 -1.79753e-7 1 2.23234e-7 0 1 1.6768e-7 0 1 1.70946e-7 0 1 1.33238e-7 0 1 2.44606e-7 0 1 -1.21797e-7 0 1 1.21656e-6 0 1 4.09118e-7 0 1 -1.48989e-6 0 1 2.57398e-7 0 1 0 0 1 -2.07668e-6 0 1 3.22822e-7 0 1 0 0 1 0 0 1 0 1.52575e-7 1 4.65614e-7 0 1 -1.01943e-6 0 1 1.74089e-7 0 1 0 0 1 0 -1.4837e-7 1 -3.26392e-7 0 1 3.51859e-7 -2.28869e-7 1 -3.96547e-7 0 1 -5.59093e-7 0 1 -2.62085e-7 0 1 2.62085e-7 0 1 -4.47275e-7 0 1 3.96547e-7 0 1 0 -2.28869e-7 1 -2.23234e-7 0 1 9.57818e-7 0 1 9.50316e-7 0 1 -1.6768e-7 0 1 1.89958e-7 0 1 0 -1.44095e-7 1 0 0 1 0 0 1 0 0 1 -3.08178e-7 0 1 0 1.40903e-7 1 4.06035e-7 0 1 2.65253e-7 0 1 0 0 1 -7.24304e-7 0 1 1.6715e-6 0 1 -3.75534e-7 0 1 2.51836e-7 0 1 6.61749e-7 0 1 -6.19798e-7 0 1 6.18116e-7 0 1 -2.03433e-6 -1.79752e-7 1 0 0 1 6.20466e-7 0 1 -6.38695e-7 0 1 -7.60905e-7 0 1 1.45803e-6 0 1 2.19453e-7 0 1 -2.26009e-7 -1.81791e-7 1 0 0 1 4.07278e-7 1.7386e-7 1 4.50995e-7 0 1 0 1.24219e-7 1 1.41896e-6 0 1 2.75257e-7 1.66461e-7 1 8.40409e-7 0 1 -3.79571e-7 0 1 4.01771e-7 0 1 -4.98644e-7 0 1 -6.97958e-7 0 1 0 0 1 -3.4881e-7 0 1 9.52875e-7 0 1 0 0 1 0 0 1 0 0 1 -4.33277e-7 0 1 0 0 0 -0.9659326 -0.258794 -6.26135e-6 -1 -1.00359e-4 6.2318e-6 -1 -1.00419e-4 6.26587e-6 -1 -4.32134e-5 -6.23631e-6 -1 -4.32581e-5 0 -0.9659145 0.2588613 0 -0.9659141 0.2588626 0 -0.8660069 0.500032 0 -0.8660062 0.5000333 0 -0.7071443 0.7070692 0 -0.707144 0.7070696 0 -0.5000696 0.8659853 0 -0.5000684 0.8659859 0 -0.2587019 0.9659572 0 -0.2587006 0.9659577 0 2.2953e-5 1 0 2.28828e-5 1 0 0.2586373 0.9659746 0 0.2586388 0.9659741 0 0.5001052 0.8659647 0 0.5001071 0.8659637 0 0.7071437 0.7070699 0 0.7071444 0.7070691 0 0.8660066 0.5000327 0 0.866007 0.5000319 0 0.9659112 0.2588735 0 0.9659116 0.2588726 0 1 -3.57342e-5 0 1 -3.62734e-5 0 0.9659327 -0.2587937 0 0.9659326 -0.2587937 0 0.8660423 -0.4999709 0 0.8660419 -0.4999715 0 0.7071443 -0.7070692 0 0.707144 -0.7070696 0 0.4998838 -0.8660925 0 0.4998838 -0.8660925 0 0.2586745 -0.9659646 0 0.258674 -0.9659647 0 4.94594e-7 -1 0 -5.37651e-7 -1 0 -0.258674 -0.9659647 0 -0.2586745 -0.9659646 0 -0.499884 -0.8660924 0 -0.499884 -0.8660925 0 -0.707144 -0.7070696 0 -0.7071443 -0.7070692 0 -0.8660595 -0.499941 0 -0.8660596 -0.4999409 0 -0.9659327 -0.2587935 1 0 -9.43051e-7 1 0 2.99654e-7 1 -6.25059e-7 -5.7889e-7 1 0 -1.82877e-6 1 0 7.81249e-7 1 0 -1.61802e-7 1 0 -5.79626e-7 1 -9.16604e-7 1.82196e-6 0 0.9685825 -0.2486927 0 1 -6.92084e-5 0 1 -6.91041e-5 0 1 -2.67178e-5 0 1 -2.68072e-5 0 0.9685992 0.248628 0 0.9685989 0.2486286 0 0.8763074 0.4817524 0 0.8763085 0.4817505 0 0.7289777 0.6845374 0 0.7289773 0.6845378 0 0.5358173 0.844334 0 0.535816 0.8443349 0 0.3089607 0.9510749 0 0.3089611 0.9510748 0 0.06279468 0.9980266 0 0.06279408 0.9980266 0 -0.187273 0.9823079 0 -0.1872736 0.9823078 0 -0.4257539 0.904839 0 -0.4257538 0.9048392 0 -0.6374261 0.7705116 0 -0.6374244 0.7705128 0 -0.8089943 0.5878165 0 -0.8089932 0.5878182 0 -0.929791 0.3680878 0 -0.9297913 0.3680872 0 -0.9921139 0.1253399 0 -0.9921141 0.1253383 0 -0.9921141 -0.1253383 0 -0.9921139 -0.1253399 0 -0.9297754 -0.3681272 0 -0.9297749 -0.3681287 0 -0.8090046 -0.5878025 0 -0.8090053 -0.5878014 0 -0.6374018 -0.7705317 0 -0.6374035 -0.7705302 0 -0.4258015 -0.9048168 0 -0.4258026 -0.9048161 0 -0.1873996 -0.9822838 0 -0.1873999 -0.9822838 0 0.06279397 -0.9980266 0 0.06279462 -0.9980266 0 0.3090392 -0.9510494 0 0.3090397 -0.9510492 0 0.5357666 -0.8443663 0 0.5357671 -0.8443658 0 0.7289672 -0.6845487 0 0.728967 -0.6845489 0 0.8763176 -0.481734 0 0.876317 -0.4817352 0 0.9685823 -0.2486932 0 -0.970942 0.2393155 0 -0.9709409 0.2393196 -5.8189e-6 -1 1.72555e-5 5.78255e-6 -1 1.72704e-5 -5.89449e-6 -1 -1.70469e-5 5.6484e-6 -1 -1.70991e-5 -1.65236e-7 -0.9709409 -0.2393198 -1.65234e-7 -0.9709419 -0.2393155 0 -0.8854629 -0.4647102 0 -0.885465 -0.4647063 0 -0.7484932 -0.6631425 0 -0.7484961 -0.6631393 0 -0.568071 -0.8229796 0 -0.5680745 -0.8229772 0 -0.3546002 -0.9350181 0 -0.3546044 -0.9350165 0 -0.1204748 -0.9927165 0 -0.1204791 -0.992716 0 0.1204791 -0.992716 0 0.1204748 -0.9927164 0 0.3546041 -0.9350166 0 0.3546001 -0.9350181 0 0.5680745 -0.8229772 0 0.5680709 -0.8229798 0 0.7484958 -0.6631396 0 0.748493 -0.6631427 0 0.8854647 -0.4647066 0 0.8854628 -0.4647104 0 0.9709419 -0.2393156 0 0.9709408 -0.23932 0 1 2.21226e-6 0 1 -2.21704e-6 0 0.9709409 0.2393195 0 0.970942 0.2393153 0 0.8854326 0.4647679 0 0.8854345 0.4647641 0 0.748507 0.663127 0 0.7485098 0.6631238 0 0.5680581 0.8229885 0 0.5680615 0.8229861 0 0.3546095 0.9350146 0 0.3546134 0.9350131 0 0.1205855 0.992703 0 0.1205898 0.9927024 0 -0.1205896 0.9927026 0 -0.1205853 0.9927031 0 -0.3546134 0.9350131 0 -0.3546094 0.9350146 0 -0.5680617 0.8229861 0 -0.5680582 0.8229885 0 -0.7485098 0.6631238 0 -0.7485069 0.6631271 4.4065e-7 -0.8854345 0.4647642 3.1488e-7 -0.8854325 0.4647681 1 1.41852e-6 0 1 0 3.30225e-7 1 0 4.66812e-7 1 0 2.25239e-7 1 3.39288e-7 1.86676e-7 1 0 -2.08214e-7 1 1.6833e-7 -1.58381e-7 1 -5.72164e-7 0 1 3.83897e-7 0 1 0 0 1 -1.32533e-6 0 1 -1.32532e-6 0 1 -7.71842e-7 0 1 -6.68896e-7 0 1 -1.68331e-7 1.58381e-7 1 0 2.08214e-7 1 0 -1.86677e-7 1 0 -2.25113e-7 1 -1.36924e-6 0 1 1.48546e-6 -4.67037e-7 1 0 -3.30337e-7 1 -5.50585e-7 0 1 -1.40014e-6 0 1 1.08768e-6 0 1 -6.25823e-7 0 0 0.9659097 0.2588794 1.52304e-7 0.9659095 0.2588803 0 1 1.76281e-5 0 1 2.05636e-5 1.45982e-7 1 -2.02954e-5 0 1 -1.78367e-5 0 0.9659457 -0.2587451 0 0.9659458 -0.2587444 1.40536e-7 0.8660786 -0.4999079 0 0.8660783 -0.4999083 1.82239e-7 0.7070919 -0.7071217 0 0.7070919 -0.7071217 1.82236e-7 0.5000202 -0.8660138 0 0.5000206 -0.8660136 0 0.2586693 -0.9659661 0 0.2586677 -0.9659664 0 1.32033e-6 -1 0 -9.28055e-7 -1 0 -0.2586672 -0.9659665 0 -0.2586701 -0.9659658 0 -0.5000208 -0.8660134 0 -0.5000227 -0.8660123 0 -0.7070925 -0.7071211 0 -0.7070935 -0.7071201 0 -0.8660781 -0.4999086 0 -0.8660792 -0.499907 0 -0.9659452 -0.2587471 0 -0.9659456 -0.2587451 0 -1 -9.90304e-7 0 -1 9.95088e-7 0 -0.9659095 0.2588802 0 -0.965909 0.2588821 0 -0.8660091 0.5000283 0 -0.8660082 0.5000299 0 -0.7070934 0.7071202 0 -0.7070924 0.7071213 0 -0.5000222 0.8660126 0 -0.5000214 0.8660132 0 -0.2590191 0.9658722 0 -0.2590183 0.9658725 0 -6.21951e-7 1 0 9.23359e-7 1 0 0.2590165 0.9658729 0 0.25902 0.965872 0 0.5000181 0.8660151 0 0.5000227 0.8660123 1.82238e-7 0.7070902 0.7071233 0 0.7070945 0.7071192 1.35389e-7 0.8660083 0.5000299 0 0.8660097 0.5000273 0 0.9659456 0.2587458 0 0.965946 0.2587441 0 1 2.47955e-5 0 1 2.49147e-5 0 1 -2.47955e-5 0 1 -2.48998e-5 0 0.9659097 -0.2588792 0 0.9659093 -0.258881 0 0.86601 -0.500027 0 0.8660089 -0.5000286 0 0.707093 -0.7071207 0 0.7070913 -0.7071223 0 0.500023 -0.8660122 0 0.5000206 -0.8660135 0 0.2590199 -0.9658721 0 0.2590177 -0.9658726 0 9.56849e-7 -1 0 -9.18575e-7 -1 0 -0.2590165 -0.965873 -1.37965e-7 -0.259019 -0.9658722 0 -0.500018 -0.866015 0 -0.50002 -0.8660138 0 -0.7070925 -0.7071211 0 -0.707093 -0.7071206 0 -0.8660092 -0.5000283 0 -0.8660102 -0.5000266 0 -0.965909 -0.2588818 -1.2887e-7 -0.9659098 -0.2588789 -1.28843e-7 -1 -9.32895e-7 0 -1 9.32895e-7 0 -0.965946 0.2587438 0 -0.9659452 0.2587471 0 -0.8660798 0.4999059 -1.3536e-7 -0.8660787 0.4999078 0 -0.7070921 0.7071215 0 -0.7070916 0.7071221 0 -0.5000193 0.8660143 0 -0.5000172 0.8660155 0 -0.2586691 0.9659661 0 -0.2586666 0.9659667 0 -9.37622e-7 1 0 9.75892e-7 1 0 0.2586692 0.9659661 0 0.2586701 0.9659658 0 0.5000217 0.8660129 0 0.5000231 0.8660122 0 0.7070913 0.7071223 0 0.707093 0.7071207 0 0.866079 0.4999073 0 0.8660799 0.4999058 1 0 0 1 0 0 1 0 0 1 0 0 1 0 0 1 0 0 1 0 0 1 0 0 1 0 1.89464e-7 1 0 0 1 0 -1.20588e-7 1 0 0 1 0 3.40977e-7 1 0 0 1 0 0 1 0 0 1 0 0 1 0 0 1 0 -2.07242e-7 1 0 0 1 0 1.24416e-7 1 0 -3.42896e-7 0 -1 0 0 -1 0 0 1 0 0 1 0 -1 -3.25248e-7 0 -1 3.2525e-7 0 -1 -4.08489e-7 0 -1 -8.24398e-7 0 -1 6.14455e-7 0 -1 1.64392e-6 -1.13238e-6 -1 1.23219e-6 -1.08724e-6 -1 1.63937e-6 2.21189e-7 -1 -8.23456e-7 0 -1 -1.65143e-6 0 -1 1.655e-6 0 -1 3.25607e-6 0 -1 1.66143e-6 0 -1 -3.23883e-6 0 -1 -3.34239e-6 0 -1 3.22649e-6 0 -1 -1.67299e-6 0 -1 -1.61173e-6 0 -1 1.6101e-6 2.29519e-7 -1 0 3.67992e-7 -1 1.60925e-6 0 -1 -1.67652e-6 0 -1 1.20651e-6 0 -1 -1.67735e-6 0 -1 8.38676e-7 0 -1 -1.2065e-6 0 -1 8.38262e-7 0 -1 -1.60925e-6 0 -1 0 -3.67993e-7 -1 3.2202e-6 -2.29519e-7 -1 -8.36978e-7 0 -1 9.41058e-7 0 -1 -2.50679e-6 0 -1 -1.25192e-6 0 -1 -3.33388e-6 0 -1 -3.23883e-6 0 -1 -1.65801e-6 0 -1 3.26342e-6 0 -1 -1.65143e-6 0 -1 1.63937e-6 -2.21189e-7 -1 1.64292e-6 1.08724e-6 -1 -1.64392e-6 1.13238e-6 -1 0 0 -1 8.24397e-7 0 1.70448e-4 -0.9870507 0.1604087 -1.03889e-4 -0.9922289 0.1244264 6.04421e-5 -1 6.44404e-7 -9.2899e-5 -0.9993548 -0.03591704 9.77956e-5 -0.9870508 -0.1604081 -8.08252e-5 -0.9807397 -0.1953197 1.36641e-4 -0.9485424 -0.3166502 -7.06338e-5 -0.9368531 -0.3497235 2.39103e-5 -0.885455 -0.4647251 -1.22375e-5 -0.8688271 -0.4951158 8.59587e-6 -0.7994455 -0.6007387 -9.86954e-5 -0.77846 -0.6276943 9.68439e-5 -0.6927227 -0.7212041 1.31465e-5 -0.668003 -0.7441586 3.74434e-5 -0.5680367 -0.8230033 -7.00725e-5 -0.5403333 -0.8414511 -2.19739e-5 -0.4287132 -0.9034408 -6.17065e-5 -0.398741 -0.9170636 -2.69047e-5 -0.2782372 -0.9605125 -9.6258e-6 -0.2468683 -0.9690491 -4.74142e-6 -0.2465567 -0.9691284 -1.71245e-5 -0.9595422 0.2815651 8.16367e-5 -0.9485419 0.3166515 -1.29834e-4 -0.9021369 0.43145 -7.86677e-6 -0.8854562 0.4647231 -4.36716e-5 -0.8215109 0.5701929 4.35975e-6 -0.7994463 0.6007376 -3.58338e-6 -0.7197203 0.6942642 1.17464e-4 -0.6927229 0.7212038 -1.08333e-5 -0.5993495 0.8004875 3.30295e-5 -0.5680371 0.8230029 -6.84544e-5 -0.4635116 0.8860909 -1.19483e-5 -0.4287081 0.9034431 -3.84472e-5 -0.3158047 0.9488243 4.00378e-5 -0.2782451 0.9605102 -1.04329e-4 -0.1599933 0.9871182 5.21542e-5 -0.1205205 0.992711 -1.37513e-5 8.70296e-7 1 -3.32901e-5 0.04029381 0.9991879 -7.06384e-5 0.1599937 0.9871181 -2.45268e-5 0.2000119 0.9797935 -8.22076e-5 0.3157978 0.9488266 8.64655e-5 0.3545809 0.9350253 -8.88319e-5 0.4635134 0.88609 7.76898e-6 0.5000389 0.866003 -4.06632e-5 0.5993524 0.8004853 1.98015e-5 0.6324607 0.7745926 -1.75321e-6 0.7197187 0.6942659 2.47377e-5 0.7485081 0.6631257 -1.61026e-5 0.8215111 0.5701926 3.12651e-5 0.8451871 0.5344708 -1.75253e-4 0.902136 0.4314519 4.11263e-5 0.9199746 0.3919782 -3.6908e-5 0.9595423 0.2815644 2.76463e-6 0.970944 0.239307 4.07209e-6 0.9922288 0.1244272 6.15966e-5 0.9967575 0.08046537 -4.74753e-6 0.9993563 -0.03587812 -5.76326e-6 0.9967601 -0.08043259 -3.73437e-6 0.9993545 -0.03592693 3.89072e-6 0.9967541 -0.08050787 -1.13255e-4 0.9807399 -0.1953188 3.09263e-5 0.9709442 -0.2393062 -2.3772e-5 0.9368528 -0.3497241 8.90757e-5 0.9199747 -0.391978 1.64449e-5 0.8688271 -0.4951156 4.71139e-5 0.8451864 -0.5344718 -9.1631e-5 0.7784606 -0.6276935 5.9014e-5 0.7485085 -0.6631253 -4.77224e-5 0.6680019 -0.7441596 6.8589e-5 0.6324574 -0.7745952 -5.74492e-5 0.5403367 -0.841449 7.2847e-5 0.5000407 -0.866002 -6.96502e-5 0.3987021 -0.9170806 7.0196e-5 0.3545919 -0.9350212 -9.64329e-6 0.2468724 -0.9690481 -3.0064e-5 0.20001 -0.9797939 -1.0334e-4 0.1244316 -0.9922282 4.81915e-5 0.04028785 -0.9991882 -4.88439e-5 -1.99059e-5 -1 1.11003e-5 -0.1205227 -0.9927107 -5.9228e-6 -0.1245752 -0.9922102 3.83175e-6 0.246874 -0.9690477 1 0 0 1 0 0 1 0 0 1 0 0 1 0 0 1 0 0 1 0 0 1 0 0 1 0 0 1 0 -2.07242e-7 1 0 0 1 0 1.24417e-7 1 0 -3.42895e-7 1 0 0 1 0 0 1 0 0 1 0 0 1 0 1.89464e-7 1 0 0 1 0 -1.20588e-7 1 0 0 1 0 3.4098e-7 -1 0 0 -1 0 0 -1 0 0 -1 0 0 -1 0 0 -1 0 0 -1 0 0 -1 0 0 -1 0 0 -1 0 0 -1 0 0 -1 2.25968e-7 0 -1 1.35057e-7 0 -1 0 0 -1 2.25944e-7 0 -1 0 0 -1 0 0 -1 0 0 -1 0 0 -1 0 0 -1 0 0 -1 2.25386e-7 0 -1 1.93635e-7 0 -1 0 0 -1 0 0 -1 0 0 -1 0 0 -1 0 0 -1 0 0 -1 0 0 -1 0 0 -1 0 0 -1 0 0 -1 0 0 -1 0 0 -1 0 0 -1 0 0 -1 2.25946e-7 0 -1 0 0 -1 2.25387e-7 0 -1 0 0 -1 0 0 -1 0 0 -1 0 0 -1 0 0 -1 0 0 -1 2.25944e-7 0 -1 1.35057e-7 0 -1 2.25968e-7 0 -1 0 0 -1 2.25389e-7 0 -1 0 0 -1 0 0 -1 0 0 -1 0 0 -1 0 0 -1 0 0 -1 0 0</float_array>
          <technique_common>
            <accessor source="#meshes_0_-13_001-mesh-normals-array" count="1196" stride="3">
              <param name="X" type="float"/>
              <param name="Y" type="float"/>
              <param name="Z" type="float"/>
            </accessor>
          </technique_common>
        </source>
        <source id="meshes_0_-13_001-mesh-map">
          <float_array id="meshes_0_-13_001-mesh-map-array" count="8088">0.62 10.47863 0 10.47863 0.62 11.0531 0.62 11.0531 0 10.47863 0 11.0531 0.62 -9.053096 0 -9.053096 0.62 -8.478634 0.62 -8.478634 0 -9.053096 0 -8.478634 0.62 -8.478634 0 -8.478634 0.62 -7.904171 0.62 -7.904171 0 -8.478634 0 -7.904171 0.62 -7.904171 0 -7.904171 0.62 -7.329709 0.62 -7.329709 0 -7.904171 0 -7.329709 0.62 -7.329709 0 -7.329709 0.62 -6.755246 0.62 -6.755246 0 -7.329709 0 -6.755246 0.62 -6.755246 0 -6.755246 0.62 -6.180783 0.62 -6.180783 0 -6.755246 0 -6.180783 0.62 -6.180783 0 -6.180783 0.62 -5.60632 0.62 -5.60632 0 -6.180783 0 -5.60632 0.62 -5.60632 0 -5.60632 0.62 -5.031858 0.62 -5.031858 0 -5.60632 0 -5.031858 0.62 -5.031858 0 -5.031858 0.62 -4.457395 0.62 -4.457395 0 -5.031858 0 -4.457395 0.62 -4.457395 0 -4.457395 0.62 -3.882933 0.62 -3.882933 0 -4.457395 0 -3.882933 0.62 -3.882933 0 -3.882933 0.62 -3.30847 0.62 -3.30847 0 -3.882933 0 -3.30847 0.62 -3.30847 0 -3.30847 0.62 -2.734007 0.62 -2.734007 0 -3.30847 0 -2.734007 0.62 -2.734007 0 -2.734007 0.62 -2.159545 0.62 -2.159545 0 -2.734007 0 -2.159545 0.62 -2.159545 0 -2.159545 0.62 -1.585082 0.62 -1.585082 0 -2.159545 0 -1.585082 0.62 -1.585082 0 -1.585082 0.62 -1.010619 0.62 -1.010619 0 -1.585082 0 -1.010619 0.62 -1.010619 0 -1.010619 0.62 -0.436157 0.62 -0.436157 0 -1.010619 0 -0.436157 0.62 -0.436157 0 -0.436157 0.62 0.138306 0.62 0.138306 0 -0.436157 0 0.138306 0.62 0.138306 0 0.138306 0.62 0.712769 0.62 0.712769 0 0.138306 0 0.712769 0.62 0.712769 0 0.712769 0.62 1.287231 0.62 1.287231 0 0.712769 0 1.287231 0.62 1.287231 0 1.287231 0.62 1.861694 0.62 1.861694 0 1.287231 0 1.861694 0.62 1.861694 0 1.861694 0.62 2.436157 0.62 2.436157 0 1.861694 0 2.436157 0.62 2.436157 0 2.436157 0.62 3.010619 0.62 3.010619 0 2.436157 0 3.010619 0.62 3.010619 0 3.010619 0.62 3.585082 0.62 3.585082 0 3.010619 0 3.585082 0.62 3.585082 0 3.585082 0.62 4.159545 0.62 4.159545 0 3.585082 0 4.159545 0.62 4.159545 0 4.159545 0.62 4.734007 0.62 4.734007 0 4.159545 0 4.734007 0.62 4.734007 0 4.734007 0.62 5.30847 0.62 5.30847 0 4.734007 0 5.30847 0.62 5.30847 0 5.30847 0.62 5.882933 0.62 5.882933 0 5.30847 0 5.882933 0.62 5.882933 0 5.882933 0.62 6.457395 0.62 6.457395 0 5.882933 0 6.457395 0.62 6.457395 0 6.457395 0.62 7.031858 0.62 7.031858 0 6.457395 0 7.031858 0.62 7.031858 0 7.031858 0.62 7.60632 0.62 7.60632 0 7.031858 0 7.60632 0.62 7.60632 0 7.60632 0.62 8.180783 0.62 8.180783 0 7.60632 0 8.180783 0.62 8.180783 0 8.180783 0.62 8.755247 0.62 8.755247 0 8.180783 0 8.755247 0.62 8.755247 0 8.755247 0.62 9.32971 0.62 9.32971 0 8.755247 0 9.32971 0.62 9.32971 0 9.32971 0.62 9.904171 0.62 9.904171 0 9.32971 0 9.904171 0.62 9.904171 0 9.904171 0.62 10.47863 0.62 10.47863 0 9.904171 0 10.47863 3.148575 1.571382 3.718582 1.620522 3.2 1 3.2 1 3.718582 1.620522 3.77 1 3.2 1 3.77 1 3.718582 0.379478 3.718582 1.620522 3.148575 1.571382 3.565731 2.224117 3.565731 2.224117 3.148575 1.571382 2.995952 2.124399 3.565731 2.224117 2.995952 2.124399 3.315616 2.794322 3.315616 2.794322 2.995952 2.124399 2.747036 2.641278 3.315616 2.794322 2.747036 2.641278 2.97506 3.315582 2.97506 3.315582 2.747036 2.641278 2.409829 3.105404 2.97506 3.315582 2.409829 3.105404 2.553352 3.773679 2.553352 3.773679 2.409829 3.105404 1.995167 3.501861 2.553352 3.773679 1.995167 3.501861 2.061995 4.156118 2.061995 4.156118 1.995167 3.501861 1.51638 3.817906 2.061995 4.156118 1.51638 3.817906 1.514392 4.452465 1.514392 4.452465 1.51638 3.817906 0.988854 4.043381 1.514392 4.452465 0.988854 4.043381 0.92548 4.654639 0.92548 4.654639 0.988854 4.043381 0.4295459 4.171039 0.92548 4.654639 0.4295459 4.171039 0.311324 4.757124 0.311324 4.757124 0.4295459 4.171039 -0.143567 4.196778 0.311324 4.757124 -0.143567 4.196778 -0.311324 4.757124 -0.311324 4.757124 -0.143567 4.196778 -0.712067 4.119769 -0.311324 4.757124 -0.712067 4.119769 -0.92548 4.654639 -0.92548 4.654639 -0.712067 4.119769 -1.25768 3.942489 -0.92548 4.654639 -1.25768 3.942489 -1.514392 4.452465 -1.514392 4.452465 -1.25768 3.942489 -1.76287 3.670634 -1.514392 4.452465 -1.76287 3.670634 -2.061995 4.156118 -2.061995 4.156118 -1.76287 3.670634 -2.553352 3.773679 -2.553352 3.773679 -1.76287 3.670634 -2.2114 3.312944 -2.553352 3.773679 -2.2114 3.312944 -2.97506 3.315582 -2.97506 3.315582 -2.2114 3.312944 -2.588854 2.880913 -2.97506 3.315582 -2.588854 2.880913 -3.315616 2.794322 -3.315616 2.794322 -2.588854 2.880913 -2.8831 2.388428 -3.315616 2.794322 -2.8831 2.388428 -3.565731 2.224117 -3.565731 2.224117 -2.8831 2.388428 -3.084681 1.851318 -3.565731 2.224117 -3.084681 1.851318 -3.718582 1.620522 -3.718582 1.620522 -3.084681 1.851318 -3.187118 1.286846 -3.718582 1.620522 -3.187118 1.286846 -3.77 1 -3.77 1 -3.187118 1.286846 -3.187118 0.713154 -3.77 1 -3.187118 0.713154 -3.718582 0.379478 -3.718582 0.379478 -3.187118 0.713154 -3.084681 0.1486819 -3.718582 0.379478 -3.084681 0.1486819 -3.565731 -0.224117 -3.565731 -0.224117 -3.084681 0.1486819 -2.8831 -0.3884279 -3.565731 -0.224117 -2.8831 -0.3884279 -3.315616 -0.794322 -3.315616 -0.794322 -2.8831 -0.3884279 -2.588854 -0.880913 -3.315616 -0.794322 -2.588854 -0.880913 -2.97506 -1.315582 -2.97506 -1.315582 -2.588854 -0.880913 -2.2114 -1.312944 -2.97506 -1.315582 -2.2114 -1.312944 -2.553352 -1.773679 -2.553352 -1.773679 -2.2114 -1.312944 -1.76287 -1.670634 -2.553352 -1.773679 -1.76287 -1.670634 -2.061995 -2.156118 -2.061995 -2.156118 -1.76287 -1.670634 -1.514392 -2.452465 -1.514392 -2.452465 -1.76287 -1.670634 -1.25768 -1.942489 -1.514392 -2.452465 -1.25768 -1.942489 -0.92548 -2.654639 -0.92548 -2.654639 -1.25768 -1.942489 -0.712067 -2.119769 -0.92548 -2.654639 -0.712067 -2.119769 -0.311324 -2.757124 -0.311324 -2.757124 -0.712067 -2.119769 -0.143567 -2.196778 -0.311324 -2.757124 -0.143567 -2.196778 0.311324 -2.757124 0.311324 -2.757124 -0.143567 -2.196778 0.4295459 -2.171039 0.311324 -2.757124 0.4295459 -2.171039 0.92548 -2.654639 0.92548 -2.654639 0.4295459 -2.171039 0.988854 -2.043381 0.92548 -2.654639 0.988854 -2.043381 1.514392 -2.452465 1.514392 -2.452465 0.988854 -2.043381 1.51638 -1.817906 1.514392 -2.452465 1.51638 -1.817906 2.061995 -2.156118 2.061995 -2.156118 1.51638 -1.817906 1.995167 -1.501861 2.061995 -2.156118 1.995167 -1.501861 2.553352 -1.773679 2.553352 -1.773679 1.995167 -1.501861 2.409829 -1.105404 2.553352 -1.773679 2.409829 -1.105404 2.97506 -1.315582 2.97506 -1.315582 2.409829 -1.105404 2.747036 -0.641278 2.97506 -1.315582 2.747036 -0.641278 3.315616 -0.794322 3.315616 -0.794322 2.747036 -0.641278 2.995952 -0.1243989 3.315616 -0.794322 2.995952 -0.1243989 3.565731 -0.224117 3.565731 -0.224117 2.995952 -0.1243989 3.148575 0.428618 3.565731 -0.224117 3.148575 0.428618 3.718582 0.379478 3.718582 0.379478 3.148575 0.428618 3.2 1 -0.6 -3.479911 0 -3.479911 -0.6 -3.869469 -0.6 -3.869469 0 -3.479911 0 -3.869469 -0.6 5.86947 0 5.86947 -0.6 5.479911 -0.6 5.479911 0 5.86947 0 5.479911 -0.6 5.479911 0 5.479911 0 5.090354 -0.6 -3.479911 -0.6 -3.090354 0 -3.479911 0 -3.479911 -0.6 -3.090354 0 -3.090354 0 -3.090354 -0.6 -3.090354 -0.6 -2.700796 0 -3.090354 -0.6 -2.700796 0 -2.700796 0 -2.700796 -0.6 -2.700796 -0.6 -2.311239 0 -2.700796 -0.6 -2.311239 0 -2.311239 0 -2.311239 -0.6 -2.311239 -0.6 -1.921681 0 -2.311239 -0.6 -1.921681 0 -1.921681 0 -1.921681 -0.6 -1.921681 -0.6 -1.532124 0 -1.921681 -0.6 -1.532124 0 -1.532124 0 -1.532124 -0.6 -1.532124 -0.6 -1.142566 0 -1.532124 -0.6 -1.142566 0 -1.142566 0 -1.142566 -0.6 -1.142566 -0.6 -0.753009 0 -1.142566 -0.6 -0.753009 0 -0.753009 0 -0.753009 -0.6 -0.753009 -0.6 -0.363451 0 -0.753009 -0.6 -0.363451 0 -0.363451 0 -0.363451 -0.6 -0.363451 -0.6 0.02610599 0 -0.363451 -0.6 0.02610599 0 0.02610599 0 0.02610599 -0.6 0.02610599 -0.6 0.415664 0 0.02610599 -0.6 0.415664 0 0.415664 0 0.415664 -0.6 0.415664 -0.6 0.805221 0 0.415664 -0.6 0.805221 0 0.805221 0 0.805221 -0.6 0.805221 -0.6 1.194779 0 0.805221 -0.6 1.194779 0 1.194779 0 1.194779 -0.6 1.194779 -0.6 1.584336 0 1.194779 -0.6 1.584336 0 1.584336 0 1.584336 -0.6 1.584336 -0.6 1.973894 0 1.584336 -0.6 1.973894 0 1.973894 0 1.973894 -0.6 1.973894 -0.6 2.363451 0 1.973894 -0.6 2.363451 0 2.363451 0 2.363451 -0.6 2.363451 -0.6 2.753009 0 2.363451 -0.6 2.753009 0 2.753009 0 2.753009 -0.6 2.753009 -0.6 3.142566 0 2.753009 -0.6 3.142566 0 3.142566 0 3.142566 -0.6 3.142566 -0.6 3.532124 0 3.142566 -0.6 3.532124 0 3.532124 0 3.532124 -0.6 3.532124 -0.6 3.921681 0 3.532124 -0.6 3.921681 0 3.921681 0 3.921681 -0.6 3.921681 -0.6 4.311239 0 3.921681 -0.6 4.311239 0 4.311239 0 4.311239 -0.6 4.311239 -0.6 4.700796 0 4.311239 -0.6 4.700796 0 4.700796 0 4.700796 -0.6 4.700796 -0.6 5.090354 0 4.700796 -0.6 5.090354 0 5.090354 0 5.090354 -0.6 5.090354 -0.6 5.479911 1.501304 1.385469 1.55 1 -0.659958 2.402482 -0.659958 2.402482 1.55 1 1.501304 0.614531 -0.659958 2.402482 1.501304 0.614531 1.358275 0.253282 1.358275 0.253282 1.129901 -0.06104803 -0.659958 2.402482 -0.659958 2.402482 1.129901 -0.06104803 0.830532 -0.308708 -0.659958 2.402482 0.830532 -0.308708 0.478976 -0.474138 0.478976 -0.474138 0.09732496 -0.5469411 -0.659958 2.402482 -0.659958 2.402482 0.09732496 -0.5469411 -0.290441 -0.522545 -0.659958 2.402482 -0.290441 -0.522545 -0.659958 -0.402482 -0.659958 2.402482 -0.659958 -0.402482 -0.988007 2.194296 -0.988007 2.194296 -0.659958 -0.402482 -0.988007 -0.194296 -0.988007 2.194296 -0.988007 -0.194296 -1.253976 1.911067 -1.253976 1.911067 -0.988007 -0.194296 -1.253976 0.08893299 -1.253976 1.911067 -1.253976 0.08893299 -1.441154 1.570593 -1.441154 1.570593 -1.253976 0.08893299 -1.441154 0.429407 -1.441154 1.570593 -1.441154 0.429407 -1.537778 1.194267 -1.537778 1.194267 -1.441154 0.429407 -1.537778 0.805733 -0.290441 2.522545 0.478976 2.474138 -0.659958 2.402482 -0.659958 2.402482 0.478976 2.474138 0.830532 2.308708 -0.659958 2.402482 0.830532 2.308708 1.129901 2.061048 -0.290441 2.522545 0.09732496 2.546941 0.478976 2.474138 1.129901 2.061048 1.358275 1.746718 -0.659958 2.402482 -0.659958 2.402482 1.358275 1.746718 1.501304 1.385469 4.5 5.909788 0.62 5.363507 2.5 5.909788 2.5 5.909788 0.62 5.363507 0.62 5.986865 2.5 5.909788 0.62 5.986865 2.5 6.415845 2.5 6.415845 0.62 5.986865 0.62 6.610223 2.5 6.415845 0.62 6.610223 2.5 6.921902 2.5 6.921902 0.62 6.610223 0.62 7.233581 2.5 6.921902 0.62 7.233581 2.5 7.427959 2.5 7.427959 0.62 7.233581 0.62 7.856939 2.5 7.427959 0.62 7.856939 2.5 7.934016 2.5 7.934016 0.62 7.856939 0.62 8.480298 2.5 7.934016 0.62 8.480298 4.5 7.934016 4.5 7.934016 0.62 8.480298 4.5 8.55297 4.5 8.55297 0.62 8.480298 0.62 9.103656 4.5 8.55297 0.62 9.103656 4.5 9.171924 4.5 9.171924 0.62 9.103656 0.62 9.727014 4.5 9.171924 0.62 9.727014 4.5 9.790878 4.5 9.790878 0.62 9.727014 0.62 10.35037 4.5 9.790878 0.62 10.35037 4.5 10.40983 4.5 10.40983 0.62 10.35037 0.62 10.97373 4.5 10.40983 0.62 10.97373 4.5 11.02878 4.5 11.02878 0.62 10.97373 0.62 11.59709 4.5 11.02878 0.62 11.59709 4.5 11.64774 4.5 11.64774 0.62 11.59709 0.62 12.22045 4.5 11.64774 0.62 12.22045 4.5 12.26669 4.5 12.26669 0.62 12.22045 0.62 12.84381 4.5 12.26669 0.62 12.84381 4.5 12.88565 4.5 -10.80196 0.62 -10.84381 0.62 -10.22045 4.5 -10.80196 0.62 -10.22045 4.5 -10.18301 4.5 -10.18301 0.62 -10.22045 0.62 -9.597088 4.5 -10.18301 0.62 -9.597088 4.5 -9.564056 4.5 -9.564056 0.62 -9.597088 0.62 -8.973731 4.5 -9.564056 0.62 -8.973731 4.5 -8.945101 4.5 -8.945101 0.62 -8.973731 0.62 -8.350373 4.5 -8.945101 0.62 -8.350373 4.5 -8.326148 4.5 -8.326148 0.62 -8.350373 0.62 -7.727014 4.5 -8.326148 0.62 -7.727014 4.5 -7.707194 4.5 -7.707194 0.62 -7.727014 0.62 -7.103656 4.5 -7.707194 0.62 -7.103656 4.5 -7.088239 4.5 -7.088239 0.62 -7.103656 0.62 -6.480297 4.5 -7.088239 0.62 -6.480297 4.5 -6.469285 4.5 -6.469285 0.62 -6.480297 0.62 -5.856939 4.5 -6.469285 0.62 -5.856939 4.5 -5.850333 4.5 -5.850333 0.62 -5.856939 0.62 -5.233581 4.5 -5.850333 0.62 -5.233581 4.5 -5.231379 4.5 -5.231379 0.62 -5.233581 0.62 -4.610223 4.5 -5.231379 0.62 -4.610223 4.5 -4.612425 4.5 -4.612425 0.62 -4.610223 4.5 -3.993472 4.5 -3.993472 0.62 -4.610223 0.62 -3.986865 4.5 -3.993472 0.62 -3.986865 4.5 -3.374518 4.5 -3.374518 0.62 -3.986865 0.62 -3.363507 4.5 -3.374518 0.62 -3.363507 4.5 -2.755564 4.5 -2.755564 0.62 -3.363507 0.62 -2.740149 4.5 -2.755564 0.62 -2.740149 4.5 -2.13661 4.5 -2.13661 0.62 -2.740149 0.62 -2.116791 4.5 -2.13661 0.62 -2.116791 4.5 -1.517657 4.5 -1.517657 0.62 -2.116791 0.62 -1.493432 4.5 -1.517657 0.62 -1.493432 4.5 -0.898703 4.5 -0.898703 0.62 -1.493432 0.62 -0.870074 4.5 -0.898703 0.62 -0.870074 4.5 -0.279749 4.5 -0.279749 0.62 -0.870074 0.62 -0.246716 4.5 -0.279749 0.62 -0.246716 4.5 0.339205 4.5 0.339205 0.62 -0.246716 0.62 0.3766419 4.5 0.339205 0.62 0.3766419 4.5 0.958158 4.5 0.958158 0.62 0.3766419 0.62 1 4.5 0.958158 0.62 1 4.5 1.577112 4.5 1.577112 0.62 1 0.62 1.623358 4.5 1.577112 0.62 1.623358 4.5 2.196066 4.5 2.196066 0.62 1.623358 0.62 2.246716 4.5 2.196066 0.62 2.246716 4.5 2.815019 4.5 2.815019 0.62 2.246716 0.62 2.870074 4.5 2.815019 0.62 2.870074 4.5 3.433973 4.5 3.433973 0.62 2.870074 0.62 3.493432 4.5 3.433973 0.62 3.493432 4.5 4.052927 4.5 4.052927 0.62 3.493432 0.62 4.116791 4.5 4.052927 0.62 4.116791 4.5 4.671881 4.5 4.671881 0.62 4.116791 0.62 4.740149 4.5 4.671881 0.62 4.740149 4.5 5.290834 4.5 5.290834 0.62 4.740149 0.62 5.363507 4.5 5.290834 0.62 5.363507 4.5 5.909788 0 0 0 0 0 0 0 0 0 0 0 0 0 0 0 0 0 0 0 0 0 0 0 0 0 0 0 0 0 0 0 0 0 0 0 0 0 0 0 0 0 0 0 0 0 0 0 0 0 0 0 0 0 0 0 0 0 0 0 0 0 0 0 0 0 0 0 0 0 0 0 0 0 0 0 0 0 0 0 0 0 0 0 0 0 0 0 0 0 0 0 0 0 0 0 0 0 0 0 0 0 0 0 0 0 0 0 0 0 0 0 0 0 0 0 0 0 0 0 0 0 0 0 0 0 0 0 0 0 0 0 0 0 0 0 0 0 0 0 0 0 0 0 0 0 0 0 0 0 0 0 0 0 0 0 0 0 0 0 0 0 0 0 0 0 0 0 0 0 0 0 0 0 0 0 0 0 0 0 0 0 0 0 0 0 0 0 0 0 0 0 0 0 0 0 0 0 0 0 0 0 0 0 0 0 0 0 0 0 0 0 0 0 0 0 0 0 0 0 0 0 0 0 0 0 0 0 0 0 0 0 0 0 0 0 0 0 0 0 0 0 0 0 0 0 0 0 0 0 0 0 0 0 0 0 0 0 0 0 0 0 0 0 0 0 0 0 0 0 0 0 0 0 0 0 0 0 0 0 0 0 0 0 0 0 0 0 0 0 0 0 0 0 0 0 0 0 0 0 0 0 0 0 0 0 0 0 0 0 0 0 0 0 0 0 0 0 0 0 0 0 0 0 0 0 0 0 0 0 0 0 0 0 0 0 0 0 0 0 0 0 0 0 0 0 0 0 0 0 0 0 0 0 0 0 0 0 0 0 0 0 0 0 0 0 0 0 0 0 0 0 0 0 0 0 0 0 0 0 0 0 0 0 0 0 0 0 0 0 0 0 0 0 0 0 0 0 0 0 0 0 0 0 0 0 0 0 0 0 0 0 0 0 0 0 0 0 0 0 0 0 0 0 0 0 0 0 0 0 0 0 0 0 0 0 0 0 0 0 0 0 0 0 0 0 0 0 0 0 0 0 0 0 0 0 0 0 0 0 0 0 0 0 0 0 0 0 0 0 0 0 0 0 0 0 0 0 0 0 0 0 0 0 0 0 0 0 0 0 0 0 0 0 0 0 0 0 0 0 0 0 0 0 0 0 0 0 0 0 0 0 0 0 0 0 0 0 0 0 0 0 0 0 0 0 0 0 0 0 0 0 0 0 0 0 0 0 0 0 0 0 0 0 0 0 0 0 0 0 0 0 0 0 0 0 0 0 0 0 0 0 0 0 0 0 0 0 0 0 0 0 0 0 0 0 0 0 0 0 0 0 0 0 0 0 0 0 0 0 0 0 0 0 0 0 0 0 0 0 0 0 0 0 0 0 0 0 0 0 0 0 0 0 0 0 0 0 0 0 0 0 0 0 0 0 0 0 0 0 0 0 0 0 0 0 0 0 0 0 0 0 0 0 0 0 0 0 0 0 0 0 0 0 0 0 0 0 0 0 0 0 0 0 0 0 0 0 0 0 0 0 0 0 0 0 0 0 0 0 0 0 0 0 0 0 0 0 0 0 0 0 0 0 0 0 0 0 0 0 0 0 0 0 0 0 0 0 0 0 0 0 0 0 0 0 0 0 0 0 0 0 0 0 0 0 0 0 0 0 0 0 0 0 0 0 0 0 0 0 0 0 0 0 0 0 0 0 0 0 0 0 0 0 0 0 0 0 0 0 0 0 0 0 0 0 0 0 0 0 0 0 0 0 0 0 0 0 0 0 0 0 0 0 0 0 0 0 0 0 0 0 0 0 0 0 0 0 0 0 0 0 0 0 0 0 0 0 0 0 0 0 0 0 0 0 0 0 0 0 0 0 0 0 0 0 0 0 0 0 0 0 0 0 0 0 0 0 0 0 0 0 0 0 0 0 0 0 0 0 0 0 0 0 0 0 0 0 0 0 0 0 0 0 0 0 0 0 0 0 0 0 0 0 0 0 0 0 0 0 0 0 0 0 0 0 0 0 0 0 0 0 0 0 0 0 0 0 0 0 0 0 0 0 0 0 0 0 0 0 0 0 0 0 0 0 0 0 0 0 0 0 0 0 0 0 0 0 0 0 0 0 0 0 0 0 0 0 0 0 0 0 0 0 0 0 0 0 0 0 0 0 0 0 0 0 0 0 0 0 0 0 0 0 0 0 0 0 0 0 0 0 0 0 0 0 0 0 0 0 0 0 0 0 0 0 0 0 0 0 0 0 0 0 0 0 0 0 0 0 0 0 0 0 0 0 0 0 0 0 0 0 0 0 0 0 0 0 0 0 0 0 0 0 0 0 0 0 0 0 0 0 0 0 0 0 0 0 0 0 0 0 0 0 0 0 0 0 0 0 0 0 0 0 0 0 0 0 0 0 0 0 0 0 0 0 0 0 0 0 0 0 0 0 0 0 0 0 0 0 0 0 0 0 0 0 0 0 0 0 0 0 0 0 0 0 0 0 0 0 0 0 0 0 0 0 0 0 0 0 0 0 0 0 0 0 0 0 0 0 0 0 0 0 0 0 0 0 0 0 0 0 0 0 0 0 0 0 0 0 0 0 0 0 0 0 0 0 0 0 0 0 0 0 0 0 0 0 0 0 0 0 0 0 0 0 0 0 0 0 0 0 0 0 0 0 0 0 0 0 0 0 0 0 0 0 0 0 0 0 0 0 0 0 0 0 0 0 0 0 0 0 0 0 0 0 0 0 0 0 0 0 0 0 0 0 0 0 0 0 0 0 0 0 0 0 0 0 0 0 0 0 0 0 0 0 0 0 0 0 0 0 0 0 0 0 0 0 0 0 0 0 0 0 0 0 0 0 0 0 0 0 0 0 0 0 0 0 0 0 0 0 0 0 0 0 0 0 0 0 0 0 0 0 0 0 0 0 0 0 0 0 0 0 0 0 0 0 0 0 0 0 0 0 0 0 0 0 0 0 0 0 0 0 0 0 0 0 0 0 0 0 0 0 0 0 0 0 0 0 0 0 0 0 0 0 0 0 0 0 0 0 0 0 0 0 0 0 0 0 0 0 0 0 0 0 0 0 0 0 0 0 0 0 0 0 0 0 0 0 0 0 0 0 0 0 0 0 0 0 0 0 0 0 0 0 0 0 0 0 0 0 0 0 0 0 0 0 0 0 0 0 0 0 0 0 0 0 0 0 0 0 0 0 0 0 0 0 0 0 0 0 0 0 0 0 0 0 0 0 0 0 0 0 0 0 0 0 0 0 0 0 0 0 0 0 0 0 0 0 0 0 0 0 0 0 0 0 0 0 0 0 0 0 0 0 0 0 0 0 0 0 0 0 0 0 0 0 0 0 0 0 0 0 0 0 0 0 0 0 0 0 0 0 0 0 0 0 0 0 0 0 0 0 0 0 0 0 0 0 0 0 0 0 0 0 0 0 0 0 0 0 0 0 0 0 0 0 0 0 0 0 0 0 0 0 0 0 0 0 0 0 0 0 0 0 0 0 0 0 0 0 0 0 0 0 0 0 0 0 0 0 0 0 0 0 0 0 0 0 0 0 0 0 0 0 0 0 0 0 0 0 0 0 0 0 0 0 0 0 0 0 0 0 0 0 0 0 0 0 0 0 0 0 0 0 0 0 0 0 0 0 0 0 0 0 0 0 0 0 0 0 0 0 0 0 0 0 0 0 0 0 0 0 0 0 0 0 0 0 0 0 0 0 0 0 0 0 0 0 0 0 0 0 0 0 0 0 0 0 0 0 0 0 0 0 0 0 0 0 0 0 0 0 0 0 0 0 0 0 0 0 0 0 0 0 0 0 0 0 0 0 0 0 0 0 0 0 0 0 0 0 0 0 0 0 0 0 0 0 0 0 0 0 0 0 0 0 0 0 0 0 0 0 0 0 0 0 0 0 0 0 0 0 0 0 0 0 0 0 0 0 0 0 0 0 0 0 0 0 0 0 0 0 0 0 0 0 0 0 0 0 0 0 0 0 0 0 0 0 0 0 0 0 0 0 0 0 0 0 0 0 0 0 0 0 0 0 0 0 0 0 0 0 0 0 0 0 0 0 0 0 0 0 0 0 0 0 0 0 0 0 0 0 0 0 0 0 0 0 0 0 0 0 0 0 0 0 0 0 0 0 0 0 0 0 0 0 0 0 0 0 0 0 0 0 0 0 0 0 0 0 0 0 0 0 0 0 0 0 0 0 0 0 0 0 0 0 0 0 0 0 0 0 0 0 0 0 0 0 0 0 0 0 0 0 0 0 0 0 0 0 0 0 0 0 0 0 0 0 0 0 0 0 0 0 0 0 0 0 0 0 0 0 0 0 0 0 0 0 0 0 0 0 0 0 0 0 0 0 0 0 0 0 0 0 0 0 0 0 0 0 0 0 0 0 0 0 0 0 0 0 0 0 0 0 0 0 0 0 0 0 0 0 0 0 0 0 0 0 0 0 0 0 0 0 0 0 0 0 0 0 0 0 0 0 0 0 0 0 0 0 0 0 0 0 0 0 0 0 0 0 0 0 0 0 0 0 0 0 0 0 0 0 0 0 0 0 0 0 0 0 0 0 0 0 0 0 0 0 0 0 0 0 0 0 0 0 0 0 0 0 0 0 0 0 0 0 0 0 0 0 0 0 0 0 0 0 0 0 0 0 0 0 0 0 0 0 0 0 0 0 0 0 0 0 0 0 0 0 0 0 0 0 0 0 0 0 0 0 0 0 0 0 0 0 0 0 0 0 0 0 0 0 0 0 0 0 0 0 0 0 0 0 0 0 0 0 0 0 0 0 0 0 0 0 0 0 0 0 0 0 0 0 0 0 0 0 0 0 0 0 0 0 0 0 0 0 0 0 0 0 0 0 0 0 0 0 0 0 0 0 0 0 0 0 0 0 0 0 0 0 0 0 0 0 0 0 0 0 0 0 0 0 0 0 0 0 0 0 0 0 0 0 0 0 0 0 0 0 0 0 0 0 0 0 0 0 0 0 0 0 0 0 0 0 0 0 0 0 0 0 0 0 0 0 0 0 0 0 0 0 0 0 0 0 0 0 0 0 0 0 0 0 0 0 0 0 0 0 0 0 0 0 0 0 0 0 0 0 0 0 0 0 0 0 0 0 0 0 0 0 0 0 0 0 0 0 0 0 0 0 0 0 0 0 0 0 0 0 0 0 0 0 0 0 0 0 0 0 0 0 0 0 0 0 0 0 0 0 0 0 0 0 0 0 0 0 0 0 0 0 0 0 0 0 0 0 0 0 0 0 0 0 0 0 0 0 0 0 0 0 0 0 0 0 0 0 0 0 0 0 0 0 0 0 0 0 0 0 0 0 0 0 0 0 0 0 0 0 0 0 0 0 0 0 0 0 0 0 0 0 0 0 0 0 0 0 0 0 0 0 0 0 0 0 0 0 0 0 0 0 0 0 0 0 0 0 0 0 0 0 0 0 0 0 0 0 0 0 0 0 0 0 0 0 0 0 0 0 0 0 0 0 0 0 0 0 0 0 0 0 0 0 0 0 0 0 0 0 0 0 0 0 0 0 0 0 0 0 0 0 0 0 0 0 0 0 0 0 0 0 0 0 0 0 0 0 0 0 0 0 0 0 0 0 0 0 0 0 0 0 0 0 0 0 0 0 0 0 0 0 0 0 0 0 0 0 0 0 0 0 0 0 0 0 0 0 0 0 0 0 0 0 0 0 0 0 0 0 0 0 0 0 0 0 0 0 0 0 0 0 0 0 0 0 0 0 0 0 0 0 0 0 0 0 0 0 0 0 0 0 0 0 0 0 0 0 0 0 0 0 0 0 0 0 0 0 0 0 0 0 0 0 0 0 0 0 0 0 0 0 0 0 0 0 0 0 0 0 0 0 0 0 0 0 0 0 0 0 0 0 0 0 0 0 0 0 0 0 0 0 0 0 0 0 0 0 0 0 0 0 0 0 0 0 0 0 0 0 0 0 0 0 0 0 0 0 0 0 0 0 0 0 0 0 0 0 0 0 0 0 0 0 0 0 0 0 0 0 0 0 0 0 0 0 0 0 0 0 0 0 0 0 0 0 0 0 0 0 0 0 0 0 0 0 0 0 0 0 0 0 0 0 0 0 0 0 0 0 0 0 0 0 0 0 0 0 0 0 0 0 0 0 0 0 0 0 0 0 0 0 0 0 0 0 0 0 0 0 0 0 0 0 0 0 0 0 0 0 0 0 0 0 0 0 0 0 0 0 0 0 0 0 0 0 0 0 0 0 0 0 0 0 0 0 0 0 0 0 0 0 0 0 0 0 0 0 0 0 0 0 0 0 0 0 0 0 0 0 0 0 0 0 0 0 0 0 0 0 0 0 0 0 0 0 0 0 0 0 0 0 0 0 0 0 0 0 0 0 0 0 0 0 0 0 0 0 0 0 0 0 0 0 0 0 0 0 0 0 0 0 0 0 0 0 0 0 0 0 0 0 0 0 0 0 0 0 0 0 0 0 0 0 0 0 0 0 0 0 0 0 0 0 0 0 0 0 0 0 0 0 0 0 0 0 0 0 0 0 0 0 0 0 0 0 0 0 0 0 0 0 0 0 0 0 0 0 0 0 0 0 0 0 0 0 0 0 0 0 0 0 0 0 0 0 0 0 0 0 0 0 0 0 0 0 0 0 0 0 0 0 0 0 0 0 0 0 0 0 0 0 0 0 0 0 0 0 0 0 0 0 0 0 0 0 0 0 0 0 0 0 0 0 0 0 0 0 0 0 0 0 0 0 0 0 0 0 0 0 0 0 0 0 0 0 0 0 0 0 0 0 0 0 0 0 0 0 0 0 0 0 0 0 0 0 0 0 0 0 0 0 0 0 0 0 0 0 0 0 0 0 0 0 0 0 0 0 0 0 0 0 0 0 0 0 0 0 0 0 0 0 0 0 0 0 0 0 0 0 0 0 0 0 0 0 0 0 0 0 0 0 0 0 0 0 0 0 0 0 0 0 0 0 0 0 0 0 0 0 0 0 0 0 0 0 0 0 0 0 0 0 0 0 0 0 0 0 0 0 0 0 0 0 0 0 0 0 0 0 0 0 0 0 0 0 0 0 0 0 0 0 0 0 0 0 0 0 0 0 0 0 0 0 0 0 0 0 0 0 0 0 0 0 0 0 0 0 0 0 0 0 0 0 0 0 0 0 0 0 0 0 0 0 0 0 0 0 0 0 0 0 0 0 0 0 0 0 0 0 0 0 0 0 0 0 0 0 0 0 0 0 0 0 0 0 0 0 0 0 0 0 0 0 0 0 0 0 0 0 0 0 0 0 0 0 0 0 0 0 0 0 0 0 0 0 0 0 0 0 0 0 0 0 0 0 0 0 0 0 0 0 0 0 0 0 0 0 0 0 0 0 0 0 0 0 0 0 0 0 0 0 0 0 0 0 0 0 0 0 0 0 0 0 0 0 0 0 0 0 0 0 0 0 0 0 0 0 0 0 0 0 0 0 0 0 0 0 0 0 0 0 0 0 0 0 0 0 0 0 0 0 0 0 0 0 0 0 0 0 0 0 0 0 0 0 0 0 0 0 0 0 0 0 0 0 0 0 0 0 0 0 0 0 0 0 0 0 0 0 0 0 0 0 0 0 0 0 0 0 0 0 0 0 0 0 0 0 0 0 0 0 0 0 0 0 0 0 0 0 0 0 0 0 0 0 0 0 0 0 0 0 0 0 0 0 0 0 0 0 0 0 0 0 0 0 0 0 0 0 0 0 0 0 0 0 0 0 0 0 0 0 0 0 0 0 0 0 0 0 0 0 0 0 0 0 0 0 0 0 0 0 0 0 0 0 0 0 0 0 0 0 0 0 0 0 0 0 0 0 0 0 0 0 0 0 0 0 0 0 0 0 0 0 0 0 0 0 0 0 0 0 0 0 0 0 0 0 0 0 0 0 0 0 0 0 0 0 0 0 0 0 0 0 0 0 0 0 0 0 0 0 0 0 0 0 0 0 0 0 0 0 0 0 0 0 0 0 0 0 0 0 0 0 0 0 0 0 0 0 0 0 0 0 0 0 0 0 0 0 0 0 0 0 0 0 0 0 0 0 0 0 0 0 0 0 0 0 0 0 0 0 0 0 0 0 0 0 0 0 0 0 0 0 0 0 0 0 0 0 0 0 0 0 0 0 0 0 0 0 0 0 0 0 0 0 0 0 0 0 0 0 0 0 0 0 0 0 0 0 0 0 0 0 0 0 0 0 0 0 0 0 0 0 0 0 0 0 0 0 0 0 0 0 0 0 0 0 0 0 0 0 0 0 0 0 0 0 0 0 0 0 0 0 0 0 0 0 0 0 0 0 0 0 0 0 0 0 0 0 0 0 0 0 0 0 0 0 0 0 0 0 0 0 0 0 0 0 0 0 0 0 0 0 0 0 0 0 0 0 0 0 0 0 0 0 0 0 0 0 0 0 0 0 0 0 0 0 0 0 0 0 0 0 0 0 0 0 0 0 0 0 0 0 0 0 0 0 0 0 0 0 0 0 0 0 0 0 0 0 0 0 0 0 0 0 0 0 0 0 0 0 0 0 0 0 0 0 0 0 0 0 0 0 0 0 0 0 0 0 0 0 0 0 0 0 0 0 0 0 0 0 0 0 0 0 0 0 0 0 0 0 0 0 0 0 0 0 0 0 0 0 0 0 0 0 0 0 0 0 0 0 0 0 0 0 0 0 0 0 0 0 0 0 0 0 0 0 0 0 0 0 0 0 0 0 0 0 0 0 0 0 0 0 0 0 0 0 0 0 0 0 0 0 0 0 0 0 0 0 0 0 0 0 0 0 0 0 0 0 0 0 0 0 0 0 0 0 0 0 0 0 0 0 0 0 0 0 0 0 0 0 0 0 0 0 0 0 0 0 0 0 0 0 0 0 0 0 0 0 0 0 0 0 0 0 0 0 0 0 0 0 0 0 0 0 0 0 0 0 0 0 0 0 0 0 0 0 0 0 0 0 0 0 0 0 0 0 0 0 0 0 0 0 0 0 0 0 0 0 0 0 0 0 0 0 0 0 0 0 0 0 0 0 0 0 0 0 0 0 0 0 0 0 0 0 0 0 0 0 0 0 0 0 0 0 0 0 0 0 0 0 0 0 0 0 0 0 0 0 0 0 0 0 0 0 0 0 0 0 0 0 0 0 0 0 0 0 0 0 0 0 0 0 0 0 0 0 0 0 0 0 0 0 0 0 0 0 0 0 0 0 0 0 0 0 0 0 0 0 0 0 0 0 0 0 0 0 0 0 0 0 0 0 0 0 0 0 0 0 0 0 0 0 0 0 0 0 0 0 0 0 0 0 0 0 0 0 0 0 0 0 0 0 0 0 0 0 0 0 0 0 0 0 0 0 0 0 0 0 0 0 0 0 0 0 0 0 0 0 0 0 0 0 0 0 0 0 0 0 0 0 0 0 0 0 0 0 0 0 0 0 0 0 0 0 0 0 0 0 0 0 0 0 0 0 0 0 0 0 0 0 0 0 0 0 0 0 0 0 0 0 0 0 0 0 0 0 0 0 0 0 0 0 0 0 0 0 0 0 0 0 0 0 0 0 0 0 0 0 0 0 0 0 0 0 0 0 0 0 0 0 0 0 0 0 0 0 0 0 0 0 0 0 0 0 0 0 0 0 0 0 0 0 0 0 0 0 0 0 0 0 0 0 0 0 0 0 0 0 0 0 0 0 0 0 0 0 0 0 0 0 0 0 0 0 0 0 0 0 0 0 0 0 0 0 0 0 0 0 0 0 0 0 0 0 0 0 0 0 0 0 0 0 0 0 0 0 0 0 0 0 0 0 0 0 0 0 0 0 0 0 0 0 0 0 0 0 0 0 0 0 0 0 0 0 0 0 0 0 0 0 0 0 0 0 0 0 0 0 0 0 0 0 0 0 0 0 0 0 0 0 0 0 0 0 0 0 0 0 0 0 0 0 0 0 0 0 0 0 0 0 0 0 0 0 0 0 0 0 0 0 0 0 0 0 0 0 0 0 0 0 0 0 0 0 0 0 0 0 0 0 0 0 0 0 0 0 0 0 0 0 0 0 0 0 0 0 0 0 0 0 0 0 0 0 0 0 0 0 0 0 0 0 0 0 0 0 0 0 0 0 0 0 0 0 0 0 0 0 0 0 0 0 0 0 0 0 0 0 0 0 0 0 0 0 0 0 0 0 0 0 0 0 0 0 0 0 0 0 0 0 0 0 0 0 0 0 0 0 0 0 0 0 0 0 0 0 0 0 0 0 0 0 0 0 0 0 0 0 0 0 0 0 0 0 0 0 0 0 0 0 0 0 0 0 0 0 0 0 0 0 0 0 0 0 0 0 0 0 0 0 0 0 0 0 0 0 0 0 0 0 0 0 0 0 0 0 0 0 0 0 0 0 0 0 0 0 0 0 0 0 0 0 0 0 0 0 0 0 0 0 0 0 0 0 0 0 0 0 0 0 0 0 0 0 0 0 0 0 0 0 0 0 0 0 0 0 0 0 0 0 0 0 0 0 0 0 0 0 0 0 0 0 0 0 0 0 0 0 0 0 0 0 0 0 0 0 0 0 0 0 0 0 0 0 0 0 0 0 0 0 0 0 0 0 0 0 0 0 0 0 0 0 0 0 0 0 0 0 0 0 0 0 0 0 0 0 0 0 0 0 0 0 0 0 0 0 0 0 0 0 0 0 0 0 0 0 0 0 0 0 0 0 0 0 0 0 0 0 0 0 0 0 0 0 0 0 0 0 0 0 0 0 0 0 0 0 0 0 0 0 0 0 0 0 0 0 0 0 0 0 0 0 0 0 0 0 0 0 0 0 0 0 0 0 0 0 0 0 0 0 0 0 0 0 0 0 0 0 0 0 0 0 0 0 0 0 0 0 0 0 0 0 0 0 0 0 0 0 0 0 0 0 0 0 0 0 0 0 0 0 0 0 0 0 0 0 0 0 0 0 0 0 0 0 0 0 0 0 0 0 0 0 0 0 0 0 0 0 0 0 0 0 0 0 0 0 0 0 0 0 0 0 0 0 0 0 0 0 0 0 0 0 0 0 0 0 0 0 0 0 0 0 0 0 0 0 0 0 0 0 0 0 0 0 0 0 0 0 0 0 0 0 0 0 0 0 0 0 0 0 0 0 0 0 0 0 0 0 0 0 0 0 0 0 0 0 0 0 0 0 0 0 0 0 0 0 0 0 0 0 0 0 0 0 0 0 0 0 0 0 0 0 0 0 0 0 0 0 0 0 0 0 0 0 0 0 0 0 0 0 0 0 0 0 0 0 0 0 0 0 0 0 0 0 0 0 0 0 0 0 0 0 0 0 0 0 0 0 0 0 0 0 0 0 0 0 0 0 0 0 0 0 0 0 0 0 0 0 0 0 0 0 0 0 0 0 0 0 0 0 0 0 0 0 0 0 0 0 0 0 0 0 0 0 0 0 0 0 0 0 0 0 0 0 0 0 0 0 0 0 0 0 0 0 0 0 0 0 0 0 0 0 0 0 0 0 0 0 0 0 0 0 0 0 0 0 0 0 0 0 0 0 0 0 0 0 0 0 0 0 0 0 0 0 0 0 0 0 0 0 0 0 0 0 0 0 0 0 0 0 0 0 0 0 0 0 0 0 0 0 0 0 0 0 0 0 0 0 0 0 0 0 0 0 0 0 0 0 0 0 0 0 0 0 0 0 0 0 0 0 0 0 0 0 0 0 0 0 0 0 0 0 0 0 0 0 0 0 0 0 0 0 0 0 0 0 0 0 0 0 0 0 0 0 0 0 0 0 0 0 0 0 0 0 0 0 0 0 0 0 0 0 0 0 0 0 0 0 0 0 0 0 0 0 0 0 0 0 0 0 0 0 0 0 0 0 0 0 0 0 0 0 0 0 0 0 0 0 0 0 0 0 0 0 0 0 0 0 0 0 0 0 0 0 0 0 0 0 0 0 0 0 0 0 0 0 0 0 0 0 0 0 0 0 0 0 0 0 0 0 0 0 0 0 0 0 0 0 0 0 0 0 0 0 0 0 0 0 0 0 0 0 0 0 0 0 0 0 0 0 0 0 0 0 0 0 0 0 0 0 0 0 0 0 0 0 0 0 0 0 0 0 0 0 0 0 0 0 0 0 0 0 0 0 0 0 0 0 0 0 0 0 0 0 0 0 0 0 0 0 0 0 0 0 0 0 0 0 0 0 0 0 0 0 0 0 0 0 0 0 0 0 0 0 0 0 0 0 0 0 0 0 0 0 0 0 0 0 0 0 0 0 0 0 0 0 0 0 0 0 0 0 0 0 0 0 0 0 0 0 0 0 0 0 0 0 0 0 0 0 0 0 0 0 0 0 0 0 0 0 0 0 0 0 0 0 0 0 0 0 0 0 0 0 0 0 0 0 0 0 0 0 0 0 0 0 0 0 0 0 0 0 0 0 0 0 0 0 0 0 0 0 0 0 0 0 0 0 0 0 0 0 0 0 0 0 0 0 0 0 0 0 0 0 0 0 0 0 0 0 0 0 0 0 0 0 0 0 0 0 0 0 0 0 0 0 0 0 0 0 0 0 0 0 0 0 0 0 0 0 0 0 0 0 0 0 0 0 0 0 0 0 0 0 0 0 0 0 0 0 0 0 0 0 0 0 0 0 0 0 0 0 0 0 0 0 0 0 0 0 0 0 0 0 0 0 0 0 0 0 0 0 0 0 0 0 0 0 0 0 0 0 0 0 0 0 0 0 0 0 0 0 0 0 0 0 0 0 0 0 0 0 0 0 0 0 0 0 0 0 0 0 0 0 0 0 0 0 0 0 0 0 0 0 0 0 0 0 0 0 0 0 0 0 0 0 0 0 0 0 0 0 0 0 0 0 0 0 0 0 0 0 0 0 0 0 0 0 0 0 0 0 0 0 0 0 0 0 0 0 0 0 0 0 0 0 0 0 0 0 0 0 0 0 0 0 0 0 0 0 0 0 0 0 0 0 0 0 0 0 0 0 0 0 0 0 0 0 0 0 0 0 0 0 0 0 0 0 0 0 0 0 0 0 0 0 0 0 0 0 0 0 0 0 0 0 0 0 0 0 0 0 0 0 0 0 0 0 0 0 0 0 0 0 0 0 0 0 0 0 0 0 0 0 0 0 0 0 0 0 0 0 0 0 0 0 0 0 0 0 0 0 0 0 0 0 0 0 0 0 0 0 0 0 0 0 0 0 0 0 0 0 0 0 0 0 0 0 0 0 0 0 0 0 0 0 0 0 0 0 0 0 0 0 0 0 0 0 0 0 0 0 0 0 0 0 0 0 0 0 0 0 0 0 0 0 0 0 0 0 0 0 0 0 0 0 0 0 0 0 0 0 0 0 0 0 0 0 0 0 0 0 0 0 0 0 0 0 0 0 0 0 0 0 0 0 0 0 0 0 0 0 0 0 0 0 0 0 0 0 0 0 0 0 0 0 0 0 0 0 0 0 0 0 0 0 0 0 0 0 0 0 0 0 0 0 0 0 0 0 0 0 0 0 0 0 0 0 0 0 0 0 0 0 0 0 0 0 0 0 0 0 0 0 0 0 0 0 0 0 0 0 0 0 0 0 0 0 0 0 0 0 0 0 0 0 0 0 0 0 0 0 0 0 0 0 0 0 0 0 0 0 0 0 0 0 0 0 0 0 0 0 0 0 0 0 0 0 0 0 0 0 0 0 0 0 0 0 0 0 0 0 0 0 0 0 0 0 0 0 0 0 0 0 0 0 0 0 0 0 0 0 0 0 0 0 0 0 0 0 0 0 0 0 0 0 0 0 0 0 0 0 0 0 0 0 0 0 0 0 0 0 0 0 0 0 0 0 0 0 0 0 0 0 0 0 0 0 0 0 0 0 0 0 0 0 0 0 0 0 0 0 0 0 0 0 0 0 0 0 0 0 0 0 0 0 0 0 0 0 0 0 0 0 0 0 0 0 0 0 0 0 0 0 0 0 0 0 0 0 0 0 0 0 0 0 0 0 0 0 0 0 0 0 0 0 0 0 0 0 0 0 0 0 0 0 0 0 0 0 0 0 0 0 0 0 0 0 0 0 0 0 0 0 0 0 0 0 0 0 0 0 0 0 0 0 0 0 0 0 0 0 0 0 0 0 0 0 0 0 0 0 0 0 0 0 0 0 0 0 0 0 0 0 0 0 0 0 0 0 0 0 0 0 0 0 0 0 0 0 0 0 0 0 0 0 0 0 0 0 0 0 0 0 0 0 0</float_array>
          <technique_common>
            <accessor source="#meshes_0_-13_001-mesh-map-array" count="4044" stride="2">
              <param name="S" type="float"/>
              <param name="T" type="float"/>
            </accessor>
          </technique_common>
        </source>
        <vertices id="meshes_0_-13_001-mesh-vertices">
          <input semantic="POSITION" source="#meshes_0_-13_001-mesh-positions"/>
        </vertices>
        <triangles material="Material_007-material" count="900">
          <input semantic="VERTEX" source="#meshes_0_-13_001-mesh-vertices" offset="0"/>
          <input semantic="NORMAL" source="#meshes_0_-13_001-mesh-normals" offset="1"/>
          <input semantic="TEXCOORD" source="#meshes_0_-13_001-mesh-map" offset="2" set="0"/>
          <p>0 0 0 1 1 1 2 2 2 2 2 3 1 1 4 3 3 5 4 4 6 5 5 7 6 6 8 6 6 9 5 5 10 7 7 11 6 6 12 7 7 13 8 8 14 8 8 15 7 7 16 9 9 17 8 8 18 9 9 19 10 10 20 10 10 21 9 9 22 11 11 23 10 10 24 11 11 25 12 12 26 12 12 27 11 11 28 13 13 29 12 12 30 13 13 31 14 14 32 14 14 33 13 13 34 15 15 35 14 14 36 15 15 37 16 16 38 16 16 39 15 15 40 17 17 41 16 16 42 17 17 43 18 18 44 18 18 45 17 17 46 19 19 47 18 18 48 19 19 49 20 20 50 20 20 51 19 19 52 21 21 53 20 20 54 21 21 55 22 22 56 22 22 57 21 21 58 23 23 59 22 22 60 23 23 61 24 24 62 24 24 63 23 23 64 25 25 65 24 24 66 25 25 67 26 26 68 26 26 69 25 25 70 27 27 71 26 26 72 27 27 73 28 28 74 28 28 75 27 27 76 29 29 77 28 28 78 29 29 79 30 30 80 30 30 81 29 29 82 31 31 83 30 30 84 31 31 85 32 32 86 32 32 87 31 31 88 33 33 89 32 32 90 33 33 91 34 34 92 34 34 93 33 33 94 35 35 95 34 34 96 35 35 97 36 36 98 36 36 99 35 35 100 37 37 101 36 36 102 37 37 103 38 38 104 38 38 105 37 37 106 39 39 107 38 38 108 39 39 109 40 40 110 40 40 111 39 39 112 41 41 113 40 40 114 41 41 115 42 42 116 42 42 117 41 41 118 43 43 119 42 42 120 43 43 121 44 44 122 44 44 123 43 43 124 45 45 125 44 44 126 45 45 127 46 46 128 46 46 129 45 45 130 47 47 131 46 46 132 47 47 133 48 48 134 48 48 135 47 47 136 49 49 137 48 48 138 49 49 139 50 50 140 50 50 141 49 49 142 51 51 143 50 50 144 51 51 145 52 52 146 52 52 147 51 51 148 53 53 149 52 52 150 53 53 151 54 54 152 54 54 153 53 53 154 55 55 155 54 54 156 55 55 157 56 56 158 56 56 159 55 55 160 57 57 161 56 56 162 57 57 163 58 58 164 58 58 165 57 57 166 59 59 167 58 58 168 59 59 169 60 60 170 60 60 171 59 59 172 61 61 173 60 60 174 61 61 175 62 62 176 62 62 177 61 61 178 63 63 179 62 62 180 63 63 181 64 64 182 64 64 183 63 63 184 65 65 185 64 64 186 65 65 187 66 66 188 66 66 189 65 65 190 67 67 191 66 66 192 67 67 193 68 68 194 68 68 195 67 67 196 69 69 197 68 68 198 69 69 199 70 70 200 70 70 201 69 69 202 71 71 203 70 70 204 71 71 205 0 0 206 0 0 207 71 71 208 1 1 209 72 72 210 73 72 211 74 72 212 74 73 213 73 73 214 75 73 215 74 74 216 75 74 217 76 74 218 73 75 219 72 75 220 77 75 221 77 76 222 72 76 223 78 76 224 77 77 225 78 77 226 79 77 227 79 78 228 78 78 229 80 78 230 79 79 231 80 79 232 81 79 233 81 80 234 80 80 235 82 80 236 81 81 237 82 81 238 83 81 239 83 82 240 82 82 241 84 82 242 83 83 243 84 83 244 85 83 245 85 84 246 84 84 247 86 84 248 85 85 249 86 85 250 87 85 251 87 86 252 86 86 253 88 86 254 87 87 255 88 87 256 89 87 257 89 88 258 88 88 259 90 88 260 89 89 261 90 89 262 91 89 263 91 82 264 90 82 265 92 82 266 91 82 267 92 82 268 93 82 269 93 90 270 92 90 271 94 90 272 93 91 273 94 91 274 95 91 275 95 92 276 94 92 277 96 92 278 95 93 279 96 93 280 97 93 281 97 94 282 96 94 283 98 94 284 97 95 285 98 95 286 99 95 287 99 96 288 98 96 289 100 96 290 100 82 291 98 82 292 101 82 293 100 97 294 101 97 295 102 97 296 102 98 297 101 98 298 103 98 299 102 99 300 103 99 301 104 99 302 104 100 303 103 100 304 105 100 305 104 101 306 105 101 307 106 101 308 106 102 309 105 102 310 107 102 311 106 103 312 107 103 313 108 103 314 108 104 315 107 104 316 109 104 317 108 105 318 109 105 319 110 105 320 110 82 321 109 82 322 111 82 323 110 106 324 111 106 325 112 106 326 112 107 327 111 107 328 113 107 329 112 108 330 113 108 331 114 108 332 114 109 333 113 109 334 115 109 335 114 110 336 115 110 337 116 110 338 116 111 339 115 111 340 117 111 341 116 112 342 117 112 343 118 112 344 118 113 345 117 113 346 119 113 347 118 114 348 119 114 349 120 114 350 120 82 351 119 82 352 121 82 353 120 82 354 121 82 355 122 82 356 122 115 357 121 115 358 123 115 359 123 116 360 121 116 361 124 116 362 123 117 363 124 117 364 125 117 365 125 118 366 124 118 367 126 118 368 125 119 369 126 119 370 127 119 371 127 120 372 126 120 373 128 120 374 127 82 375 128 82 376 129 82 377 129 82 378 128 82 379 130 82 380 129 121 381 130 121 382 131 121 383 131 122 384 130 122 385 132 122 386 131 123 387 132 123 388 133 123 389 133 124 390 132 124 391 134 124 392 133 125 393 134 125 394 135 125 395 135 126 396 134 126 397 136 126 398 135 127 399 136 127 400 137 127 401 137 82 402 136 82 403 138 82 404 137 128 405 138 128 406 139 128 407 139 129 408 138 129 409 140 129 410 139 130 411 140 130 412 141 130 413 141 131 414 140 131 415 142 131 416 141 132 417 142 132 418 143 132 419 143 133 420 142 133 421 144 133 422 143 134 423 144 134 424 76 134 425 76 135 426 144 135 427 74 135 428 145 136 429 146 137 430 147 138 431 147 138 432 146 137 433 148 139 434 149 140 435 150 141 436 151 142 437 151 142 438 150 141 439 152 143 440 151 142 441 152 143 442 153 144 443 145 136 444 154 145 445 146 137 446 146 137 447 154 145 448 155 146 449 155 146 450 154 145 451 156 147 452 155 146 453 156 147 454 157 148 455 157 148 456 156 147 457 158 149 458 157 148 459 158 149 460 159 150 461 159 150 462 158 149 463 160 151 464 159 150 465 160 151 466 161 152 467 161 152 468 160 151 469 162 153 470 161 152 471 162 153 472 163 154 473 163 154 474 162 153 475 164 155 476 163 154 477 164 155 478 165 156 479 165 156 480 164 155 481 166 157 482 165 156 483 166 157 484 167 158 485 167 158 486 166 157 487 168 159 488 167 158 489 168 159 490 169 160 491 169 160 492 168 159 493 170 161 494 169 160 495 170 161 496 171 162 497 171 162 498 170 161 499 172 163 500 171 162 501 172 163 502 173 164 503 173 164 504 172 163 505 174 165 506 173 164 507 174 165 508 175 166 509 175 166 510 174 165 511 176 167 512 175 166 513 176 167 514 177 168 515 177 168 516 176 167 517 178 169 518 177 168 519 178 169 520 179 170 521 179 170 522 178 169 523 180 171 524 179 170 525 180 171 526 181 172 527 181 172 528 180 171 529 182 173 530 181 172 531 182 173 532 183 174 533 183 174 534 182 173 535 184 175 536 183 174 537 184 175 538 185 176 539 185 176 540 184 175 541 186 177 542 185 176 543 186 177 544 187 178 545 187 178 546 186 177 547 188 179 548 187 178 549 188 179 550 189 180 551 189 180 552 188 179 553 190 181 554 189 180 555 190 181 556 191 182 557 191 182 558 190 181 559 192 183 560 191 182 561 192 183 562 193 184 563 193 184 564 192 183 565 194 185 566 193 184 567 194 185 568 195 186 569 195 186 570 194 185 571 196 187 572 195 186 573 196 187 574 153 144 575 153 144 576 196 187 577 151 142 578 197 188 579 198 188 580 199 188 581 199 189 582 198 189 583 200 189 584 199 190 585 200 190 586 201 190 587 201 191 588 202 191 589 199 191 590 199 192 591 202 192 592 203 192 593 199 193 594 203 193 595 204 193 596 204 194 597 205 194 598 199 194 599 199 195 600 205 195 601 206 195 602 199 196 603 206 196 604 207 196 605 199 82 606 207 82 607 208 82 608 208 197 609 207 197 610 209 197 611 208 198 612 209 198 613 210 198 614 210 199 615 209 199 616 211 199 617 210 82 618 211 82 619 212 82 620 212 200 621 211 200 622 213 200 623 212 201 624 213 201 625 214 201 626 214 202 627 213 202 628 215 202 629 216 203 630 217 203 631 199 203 632 199 204 633 217 204 634 218 204 635 199 205 636 218 205 637 219 205 638 216 82 639 220 82 640 217 82 641 219 206 642 221 206 643 199 206 644 199 207 645 221 207 646 197 207 647 222 208 648 223 209 649 224 210 650 224 210 651 223 209 652 225 211 653 224 210 654 225 211 655 226 212 656 226 212 657 225 211 658 227 213 659 226 212 660 227 213 661 228 214 662 228 214 663 227 213 664 229 215 665 228 214 666 229 215 667 230 216 668 230 216 669 229 215 670 231 217 671 230 216 672 231 217 673 232 218 674 232 218 675 231 217 676 233 219 677 232 218 678 233 219 679 234 220 680 234 220 681 233 219 682 235 221 683 235 221 684 233 219 685 236 222 686 235 221 687 236 222 688 237 223 689 237 223 690 236 222 691 238 224 692 237 223 693 238 224 694 239 225 695 239 225 696 238 224 697 240 226 698 239 225 699 240 226 700 241 227 701 241 227 702 240 226 703 242 228 704 241 227 705 242 228 706 243 229 707 243 229 708 242 228 709 244 230 710 243 229 711 244 230 712 245 231 713 245 231 714 244 230 715 246 232 716 245 231 717 246 232 718 247 233 719 247 233 720 246 232 721 248 234 722 247 233 723 248 234 724 249 235 725 250 236 726 251 237 727 252 238 728 250 236 729 252 238 730 253 239 731 253 239 732 252 238 733 254 240 734 253 239 735 254 240 736 255 241 737 255 241 738 254 240 739 256 242 740 255 241 741 256 242 742 257 243 743 257 243 744 256 242 745 258 244 746 257 243 747 258 244 748 259 245 749 259 245 750 258 244 751 260 246 752 259 245 753 260 246 754 261 247 755 261 247 756 260 246 757 262 248 758 261 247 759 262 248 760 263 249 761 263 249 762 262 248 763 264 250 764 263 249 765 264 250 766 265 251 767 265 251 768 264 250 769 266 252 770 265 251 771 266 252 772 267 253 773 267 253 774 266 252 775 268 254 776 267 253 777 268 254 778 269 255 779 269 255 780 268 254 781 270 256 782 269 255 783 270 256 784 271 257 785 271 257 786 270 256 787 272 258 788 272 258 789 270 256 790 273 259 791 272 258 792 273 259 793 274 260 794 274 260 795 273 259 796 275 261 797 274 260 798 275 261 799 276 262 800 276 262 801 275 261 802 277 263 803 276 262 804 277 263 805 278 264 806 278 264 807 277 263 808 279 265 809 278 264 810 279 265 811 280 266 812 280 266 813 279 265 814 281 267 815 280 266 816 281 267 817 282 268 818 282 268 819 281 267 820 283 269 821 282 268 822 283 269 823 284 270 824 284 270 825 283 269 826 285 271 827 284 270 828 285 271 829 286 272 830 286 272 831 285 271 832 287 273 833 286 272 834 287 273 835 288 274 836 288 274 837 287 273 838 289 275 839 288 274 840 289 275 841 290 276 842 290 276 843 289 275 844 291 277 845 290 276 846 291 277 847 292 278 848 292 278 849 291 277 850 293 279 851 292 278 852 293 279 853 294 280 854 294 280 855 293 279 856 295 281 857 294 280 858 295 281 859 296 282 860 296 282 861 295 281 862 297 283 863 296 282 864 297 283 865 298 284 866 298 284 867 297 283 868 299 285 869 298 284 870 299 285 871 300 286 872 300 286 873 299 285 874 301 287 875 300 286 876 301 287 877 302 288 878 302 288 879 301 287 880 223 209 881 302 288 882 223 209 883 222 208 884 401 376 1179 402 377 1180 403 378 1181 404 379 1182 405 380 1183 406 381 1184 404 379 1185 406 381 1186 407 382 1187 407 382 1188 406 381 1189 408 383 1190 407 382 1191 408 383 1192 409 384 1193 409 384 1194 408 383 1195 410 385 1196 409 384 1197 410 385 1198 411 386 1199 411 386 1200 410 385 1201 412 387 1202 411 386 1203 412 387 1204 413 388 1205 413 388 1206 412 387 1207 414 389 1208 413 388 1209 414 389 1210 415 390 1211 415 390 1212 414 389 1213 416 391 1214 415 390 1215 416 391 1216 417 392 1217 417 392 1218 416 391 1219 418 393 1220 417 392 1221 418 393 1222 419 394 1223 419 394 1224 418 393 1225 420 395 1226 419 394 1227 420 395 1228 421 396 1229 421 396 1230 420 395 1231 422 397 1232 421 396 1233 422 397 1234 423 397 1235 423 397 1236 422 397 1237 424 398 1238 423 397 1239 424 398 1240 425 399 1241 425 399 1242 424 398 1243 426 400 1244 425 399 1245 426 400 1246 427 401 1247 427 401 1248 426 400 1249 428 402 1250 427 401 1251 428 402 1252 429 403 1253 429 403 1254 428 402 1255 430 404 1256 429 403 1257 430 404 1258 431 405 1259 431 405 1260 430 404 1261 432 406 1262 431 405 1263 432 406 1264 433 407 1265 433 407 1266 432 406 1267 434 408 1268 433 407 1269 434 408 1270 435 409 1271 435 409 1272 434 408 1273 436 410 1274 435 409 1275 436 410 1276 437 411 1277 437 411 1278 436 410 1279 438 412 1280 437 411 1281 438 412 1282 439 413 1283 439 413 1284 438 412 1285 440 414 1286 439 413 1287 440 414 1288 441 415 1289 441 415 1290 440 414 1291 442 416 1292 441 415 1293 442 416 1294 443 417 1295 443 417 1296 442 416 1297 444 418 1298 443 417 1299 444 418 1300 445 419 1301 445 419 1302 444 418 1303 446 420 1304 445 419 1305 446 420 1306 447 421 1307 447 421 1308 446 420 1309 448 422 1310 447 421 1311 448 422 1312 449 423 1313 449 423 1314 448 422 1315 450 424 1316 449 423 1317 450 424 1318 401 376 1319 401 376 1320 450 424 1321 402 377 1322 632 570 1848 633 570 1849 634 570 1850 634 304 1851 633 304 1852 635 304 1853 634 304 1854 635 304 1855 636 304 1856 637 571 1857 638 571 1858 632 571 1859 632 304 1860 638 304 1861 639 304 1862 632 304 1863 639 304 1864 633 304 1865 640 304 1866 641 304 1867 637 304 1868 637 304 1869 641 304 1870 642 304 1871 637 572 1872 642 572 1873 638 572 1874 641 304 1875 640 304 1876 643 304 1877 643 573 1878 640 573 1879 644 573 1880 643 304 1881 644 304 1882 645 304 1883 645 574 1884 644 574 1885 646 574 1886 645 575 1887 646 575 1888 647 575 1889 647 576 1890 646 576 1891 648 576 1892 647 577 1893 648 577 1894 649 577 1895 649 578 1896 648 578 1897 650 578 1898 649 579 1899 650 579 1900 651 579 1901 651 580 1902 650 580 1903 652 580 1904 651 581 1905 652 581 1906 653 581 1907 653 304 1908 652 304 1909 654 304 1910 653 582 1911 654 582 1912 655 582 1913 653 583 1914 655 583 1915 656 583 1916 656 304 1917 655 304 1918 657 304 1919 656 584 1920 657 584 1921 658 584 1922 658 585 1923 657 585 1924 659 585 1925 658 586 1926 659 586 1927 660 586 1928 660 587 1929 659 587 1930 661 587 1931 660 588 1932 661 588 1933 662 588 1934 662 304 1935 661 304 1936 663 304 1937 662 304 1938 663 304 1939 664 304 1940 662 589 1941 664 589 1942 665 589 1943 665 304 1944 664 304 1945 666 304 1946 665 304 1947 666 304 1948 667 304 1949 667 304 1950 666 304 1951 668 304 1952 668 590 1953 666 590 1954 669 590 1955 668 591 1956 669 591 1957 670 591 1958 670 592 1959 669 592 1960 671 592 1961 670 304 1962 671 304 1963 672 304 1964 672 304 1965 671 304 1966 673 304 1967 673 593 1968 671 593 1969 674 593 1970 673 304 1971 674 304 1972 675 304 1973 675 304 1974 674 304 1975 676 304 1976 676 594 1977 674 594 1978 677 594 1979 676 595 1980 677 595 1981 678 595 1982 678 304 1983 677 304 1984 679 304 1985 679 596 1986 677 596 1987 680 596 1988 679 304 1989 680 304 1990 681 304 1991 681 597 1992 680 597 1993 682 597 1994 681 304 1995 682 304 1996 683 304 1997 683 304 1998 682 304 1999 684 304 2000 684 598 2001 682 598 2002 685 598 2003 684 599 2004 685 599 2005 686 599 2006 686 304 2007 685 304 2008 687 304 2009 687 304 2010 685 304 2011 688 304 2012 687 600 2013 688 600 2014 689 600 2015 689 601 2016 688 601 2017 690 601 2018 689 602 2019 690 602 2020 691 602 2021 691 603 2022 690 603 2023 692 603 2024 691 604 2025 692 604 2026 693 604 2027 693 605 2028 692 605 2029 694 605 2030 693 304 2031 694 304 2032 695 304 2033 695 304 2034 694 304 2035 696 304 2036 696 606 2037 694 606 2038 697 606 2039 696 304 2040 697 304 2041 698 304 2042 698 607 2043 697 607 2044 699 607 2045 699 608 2046 697 608 2047 700 608 2048 699 609 2049 700 609 2050 701 609 2051 701 610 2052 700 610 2053 702 610 2054 702 611 2055 700 611 2056 703 611 2057 702 612 2058 703 612 2059 704 612 2060 704 613 2061 703 613 2062 705 613 2063 705 614 2064 703 614 2065 706 614 2066 705 615 2067 706 615 2068 707 615 2069 707 616 2070 706 616 2071 668 616 2072 707 617 2073 668 617 2074 670 617 2075 677 618 2076 708 618 2077 680 618 2078 680 619 2079 708 619 2080 709 619 2081 709 620 2082 708 620 2083 710 620 2084 709 304 2085 710 304 2086 711 304 2087 711 621 2088 710 621 2089 712 621 2090 711 622 2091 712 622 2092 713 622 2093 713 304 2094 712 304 2095 714 304 2096 713 623 2097 714 623 2098 715 623 2099 715 624 2100 714 624 2101 716 624 2102 715 625 2103 716 625 2104 717 625 2105 717 626 2106 716 626 2107 718 626 2108 717 627 2109 718 627 2110 719 627 2111 718 628 2112 716 628 2113 636 628 2114 636 629 2115 716 629 2116 634 629 2117 720 304 2118 721 304 2119 722 304 2120 722 630 2121 721 630 2122 723 630 2123 722 304 2124 723 304 2125 724 304 2126 724 631 2127 723 631 2128 725 631 2129 724 632 2130 725 632 2131 726 632 2132 726 633 2133 725 633 2134 727 633 2135 727 634 2136 725 634 2137 728 634 2138 727 635 2139 728 635 2140 729 635 2141 720 304 2142 730 304 2143 721 304 2144 721 636 2145 730 636 2146 731 636 2147 731 637 2148 730 637 2149 732 637 2150 731 638 2151 732 638 2152 733 638 2153 731 639 2154 733 639 2155 734 639 2156 734 640 2157 733 640 2158 735 640 2159 734 641 2160 735 641 2161 736 641 2162 734 642 2163 736 642 2164 737 642 2165 737 643 2166 736 643 2167 738 643 2168 737 644 2169 738 644 2170 739 644 2171 737 645 2172 739 645 2173 641 645 2174 641 646 2175 739 646 2176 642 646 2177 719 647 2178 740 647 2179 717 647 2180 717 648 2181 740 648 2182 741 648 2183 741 649 2184 740 649 2185 742 649 2186 741 650 2187 742 650 2188 743 650 2189 741 304 2190 743 304 2191 729 304 2192 729 651 2193 743 651 2194 744 651 2195 729 652 2196 744 652 2197 727 652 2198 745 653 2199 746 653 2200 747 653 2201 747 304 2202 746 304 2203 748 304 2204 747 304 2205 748 304 2206 749 304 2207 749 654 2208 748 654 2209 728 654 2210 749 655 2211 728 655 2212 725 655 2213 746 304 2214 745 304 2215 750 304 2216 750 304 2217 745 304 2218 751 304 2219 750 304 2220 751 304 2221 752 304 2222 752 656 2223 751 656 2224 753 656 2225 752 657 2226 753 657 2227 754 657 2228 754 658 2229 753 658 2230 755 658 2231 754 659 2232 755 659 2233 756 659 2234 756 660 2235 755 660 2236 757 660 2237 757 661 2238 755 661 2239 758 661 2240 757 662 2241 758 662 2242 759 662 2243 759 663 2244 758 663 2245 760 663 2246 759 664 2247 760 664 2248 761 664 2249 761 304 2250 760 304 2251 762 304 2252 761 665 2253 762 665 2254 763 665 2255 763 666 2256 762 666 2257 764 666 2258 764 667 2259 762 667 2260 765 667 2261 764 668 2262 765 668 2263 766 668 2264 766 669 2265 765 669 2266 767 669 2267 766 670 2268 767 670 2269 768 670 2270 768 671 2271 767 671 2272 769 671 2273 768 304 2274 769 304 2275 770 304 2276 770 672 2277 769 672 2278 690 672 2279 770 673 2280 690 673 2281 688 673 2282 771 674 2283 772 675 2284 773 676 2285 774 677 2286 775 678 2287 776 679 2288 774 677 2289 776 679 2290 777 680 2291 777 680 2292 776 679 2293 778 681 2294 777 680 2295 778 681 2296 779 682 2297 779 682 2298 778 681 2299 780 683 2300 779 682 2301 780 683 2302 781 684 2303 781 684 2304 780 683 2305 782 685 2306 781 684 2307 782 685 2308 783 686 2309 783 686 2310 782 685 2311 784 687 2312 783 686 2313 784 687 2314 785 688 2315 785 688 2316 784 687 2317 786 689 2318 785 688 2319 786 689 2320 787 690 2321 787 690 2322 786 689 2323 788 691 2324 787 690 2325 788 691 2326 789 692 2327 789 692 2328 788 691 2329 790 693 2330 789 692 2331 790 693 2332 791 694 2333 791 694 2334 790 693 2335 792 695 2336 791 694 2337 792 695 2338 793 696 2339 793 696 2340 792 695 2341 794 697 2342 793 696 2343 794 697 2344 795 698 2345 795 698 2346 794 697 2347 796 699 2348 795 698 2349 796 699 2350 797 700 2351 797 700 2352 796 699 2353 798 701 2354 797 700 2355 798 701 2356 799 702 2357 799 702 2358 798 701 2359 800 703 2360 799 702 2361 800 703 2362 801 704 2363 801 704 2364 800 703 2365 802 705 2366 801 704 2367 802 705 2368 803 706 2369 803 706 2370 802 705 2371 804 707 2372 803 706 2373 804 707 2374 805 708 2375 805 708 2376 804 707 2377 806 709 2378 805 708 2379 806 709 2380 807 710 2381 807 710 2382 806 709 2383 808 711 2384 807 710 2385 808 711 2386 809 712 2387 809 712 2388 808 711 2389 810 713 2390 809 712 2391 810 713 2392 811 714 2393 811 714 2394 810 713 2395 812 715 2396 811 714 2397 812 715 2398 813 716 2399 813 716 2400 812 715 2401 814 717 2402 813 716 2403 814 717 2404 815 718 2405 815 718 2406 814 717 2407 816 719 2408 815 718 2409 816 719 2410 817 720 2411 817 720 2412 816 719 2413 818 721 2414 817 720 2415 818 721 2416 819 722 2417 819 722 2418 818 721 2419 820 723 2420 819 722 2421 820 723 2422 771 674 2423 771 674 2424 820 723 2425 772 675 2426 1002 863 2952 1003 864 2953 1004 865 2954 1004 865 2955 1003 864 2956 1005 866 2957 1006 867 2958 1007 868 2959 1008 869 2960 1008 869 2961 1007 868 2962 1009 870 2963 1008 869 2964 1009 870 2965 1010 871 2966 1010 871 2967 1009 870 2968 1011 872 2969 1010 871 2970 1011 872 2971 1012 873 2972 1012 873 2973 1011 872 2974 1013 874 2975 1012 873 2976 1013 874 2977 1014 875 2978 1014 875 2979 1013 874 2980 1015 876 2981 1014 875 2982 1015 876 2983 1016 877 2984 1016 877 2985 1015 876 2986 1017 878 2987 1016 877 2988 1017 878 2989 1018 879 2990 1018 879 2991 1017 878 2992 1019 880 2993 1018 879 2994 1019 880 2995 1020 881 2996 1020 881 2997 1019 880 2998 1021 882 2999 1020 881 3000 1021 882 3001 1022 883 3002 1022 883 3003 1021 882 3004 1023 884 3005 1022 883 3006 1023 884 3007 1024 885 3008 1024 885 3009 1023 884 3010 1025 886 3011 1024 885 3012 1025 886 3013 1026 887 3014 1026 887 3015 1025 886 3016 1027 888 3017 1026 887 3018 1027 888 3019 1028 889 3020 1028 889 3021 1027 888 3022 1029 890 3023 1028 889 3024 1029 890 3025 1030 891 3026 1030 891 3027 1029 890 3028 1031 892 3029 1030 891 3030 1031 892 3031 1032 893 3032 1032 893 3033 1031 892 3034 1033 894 3035 1032 893 3036 1033 894 3037 1034 895 3038 1034 895 3039 1033 894 3040 1035 896 3041 1034 895 3042 1035 896 3043 1036 897 3044 1036 897 3045 1035 896 3046 1037 898 3047 1036 897 3048 1037 898 3049 1038 899 3050 1038 899 3051 1037 898 3052 1039 900 3053 1038 899 3054 1039 900 3055 1040 901 3056 1040 901 3057 1039 900 3058 1041 902 3059 1040 901 3060 1041 902 3061 1042 903 3062 1042 903 3063 1041 902 3064 1043 904 3065 1042 903 3066 1043 904 3067 1044 905 3068 1044 905 3069 1043 904 3070 1045 906 3071 1044 905 3072 1045 906 3073 1046 907 3074 1046 907 3075 1045 906 3076 1047 908 3077 1046 907 3078 1047 908 3079 1048 909 3080 1048 909 3081 1047 908 3082 1049 910 3083 1048 909 3084 1049 910 3085 1050 911 3086 1050 911 3087 1049 910 3088 1051 912 3089 1050 911 3090 1051 912 3091 1002 863 3092 1002 863 3093 1051 912 3094 1003 864 3095 1052 913 3096 1053 914 3097 1054 915 3098 1054 915 3099 1053 914 3100 1055 916 3101 1056 917 3102 1057 918 3103 1058 919 3104 1058 919 3105 1057 918 3106 1059 920 3107 1058 919 3108 1059 920 3109 1060 921 3110 1060 921 3111 1059 920 3112 1061 922 3113 1060 921 3114 1061 922 3115 1062 923 3116 1062 923 3117 1061 922 3118 1063 924 3119 1062 923 3120 1063 924 3121 1064 925 3122 1064 925 3123 1063 924 3124 1065 926 3125 1064 925 3126 1065 926 3127 1066 927 3128 1066 927 3129 1065 926 3130 1067 928 3131 1066 927 3132 1067 928 3133 1068 929 3134 1068 929 3135 1067 928 3136 1069 930 3137 1068 929 3138 1069 930 3139 1070 931 3140 1070 931 3141 1069 930 3142 1071 932 3143 1070 931 3144 1071 932 3145 1072 933 3146 1072 933 3147 1071 932 3148 1073 934 3149 1072 933 3150 1073 934 3151 1074 935 3152 1074 935 3153 1073 934 3154 1075 936 3155 1074 935 3156 1075 936 3157 1076 937 3158 1076 937 3159 1075 936 3160 1077 938 3161 1076 937 3162 1077 938 3163 1078 939 3164 1078 939 3165 1077 938 3166 1079 940 3167 1078 939 3168 1079 940 3169 1080 941 3170 1080 941 3171 1079 940 3172 1081 942 3173 1080 941 3174 1081 942 3175 1082 943 3176 1082 943 3177 1081 942 3178 1083 944 3179 1082 943 3180 1083 944 3181 1084 945 3182 1084 945 3183 1083 944 3184 1085 946 3185 1084 945 3186 1085 946 3187 1086 947 3188 1086 947 3189 1085 946 3190 1087 948 3191 1086 947 3192 1087 948 3193 1088 949 3194 1088 949 3195 1087 948 3196 1089 950 3197 1088 949 3198 1089 950 3199 1090 951 3200 1090 951 3201 1089 950 3202 1091 952 3203 1090 951 3204 1091 952 3205 1092 953 3206 1092 953 3207 1091 952 3208 1093 954 3209 1092 953 3210 1093 954 3211 1094 955 3212 1094 955 3213 1093 954 3214 1095 956 3215 1094 955 3216 1095 956 3217 1096 957 3218 1096 957 3219 1095 956 3220 1097 958 3221 1096 957 3222 1097 958 3223 1098 959 3224 1098 959 3225 1097 958 3226 1099 960 3227 1098 959 3228 1099 960 3229 1100 961 3230 1100 961 3231 1099 960 3232 1101 962 3233 1100 961 3234 1101 962 3235 1052 913 3236 1052 913 3237 1101 962 3238 1053 914 3239 1102 963 3240 1103 963 3241 1104 963 3242 1104 964 3243 1103 964 3244 1105 964 3245 1104 965 3246 1105 965 3247 1106 965 3248 1106 966 3249 1105 966 3250 1107 966 3251 1106 967 3252 1107 967 3253 1108 967 3254 1108 968 3255 1107 968 3256 1109 968 3257 1108 969 3258 1109 969 3259 1110 969 3260 1110 970 3261 1109 970 3262 1111 970 3263 1110 971 3264 1111 971 3265 1112 971 3266 1112 972 3267 1111 972 3268 1113 972 3269 1112 973 3270 1113 973 3271 1114 973 3272 1114 974 3273 1113 974 3274 1115 974 3275 1114 975 3276 1115 975 3277 1116 975 3278 1103 976 3279 1102 976 3280 1117 976 3281 1117 977 3282 1102 977 3283 1118 977 3284 1117 978 3285 1118 978 3286 1119 978 3287 1119 979 3288 1118 979 3289 1120 979 3290 1119 980 3291 1120 980 3292 1121 980 3293 1121 981 3294 1120 981 3295 1122 981 3296 1121 982 3297 1122 982 3298 1123 982 3299 1123 983 3300 1122 983 3301 1124 983 3302 1123 984 3303 1124 984 3304 1125 984 3305 1126 985 3306 1127 985 3307 1128 985 3308 1128 986 3309 1127 986 3310 1129 986 3311 1130 987 3312 1131 987 3313 1132 987 3314 1132 988 3315 1131 988 3316 1133 988 3317 1134 82 3318 1135 82 3319 1136 82 3320 1136 989 3321 1135 989 3322 1137 989 3323 1136 82 3324 1137 82 3325 1138 82 3326 1138 82 3327 1137 82 3328 1139 82 3329 1139 82 3330 1137 82 3331 1140 82 3332 1140 82 3333 1137 82 3334 1141 82 3335 1141 990 3336 1137 990 3337 1142 990 3338 1141 82 3339 1142 82 3340 1143 82 3341 1144 991 3342 1145 991 3343 1146 991 3344 1146 992 3345 1145 992 3346 1147 992 3347 1146 993 3348 1147 993 3349 1148 993 3350 1148 994 3351 1147 994 3352 1149 994 3353 1148 995 3354 1149 995 3355 1150 995 3356 1150 996 3357 1149 996 3358 1151 996 3359 1150 997 3360 1151 997 3361 1152 997 3362 1152 82 3363 1151 82 3364 1153 82 3365 1152 998 3366 1153 998 3367 1154 998 3368 1154 82 3369 1153 82 3370 1155 82 3371 1154 999 3372 1155 999 3373 1156 999 3374 1156 1000 3375 1155 1000 3376 1157 1000 3377 1156 82 3378 1157 82 3379 1158 82 3380 1158 82 3381 1157 82 3382 1159 82 3383 1158 1001 3384 1159 1001 3385 1160 1001 3386 1160 82 3387 1159 82 3388 1161 82 3389 1160 82 3390 1161 82 3391 1162 82 3392 1162 1002 3393 1161 1002 3394 1163 1002 3395 1162 82 3396 1163 82 3397 1164 82 3398 1164 82 3399 1163 82 3400 1165 82 3401 1164 82 3402 1165 82 3403 1166 82 3404 1166 82 3405 1165 82 3406 1167 82 3407 1166 1003 3408 1167 1003 3409 1168 1003 3410 1168 1004 3411 1167 1004 3412 1169 1004 3413 1168 1005 3414 1169 1005 3415 1170 1005 3416 1170 1006 3417 1169 1006 3418 1171 1006 3419 1170 82 3420 1171 82 3421 1172 82 3422 1172 1007 3423 1171 1007 3424 1173 1007 3425 1172 1008 3426 1173 1008 3427 1174 1008 3428 1174 1009 3429 1173 1009 3430 1175 1009 3431 1174 1010 3432 1175 1010 3433 1176 1010 3434 1176 82 3435 1175 82 3436 1177 82 3437 1176 82 3438 1177 82 3439 1178 82 3440 1178 1011 3441 1177 1011 3442 1179 1011 3443 1178 1012 3444 1179 1012 3445 1180 1012 3446 1180 82 3447 1179 82 3448 1181 82 3449 1180 1013 3450 1181 1013 3451 1182 1013 3452 1182 1014 3453 1181 1014 3454 1183 1014 3455 1182 82 3456 1183 82 3457 1184 82 3458 1184 82 3459 1183 82 3460 1185 82 3461 1184 1015 3462 1185 1015 3463 1186 1015 3464 1186 1016 3465 1185 1016 3466 1187 1016 3467 1186 1017 3468 1187 1017 3469 1188 1017 3470 1188 1018 3471 1187 1018 3472 1189 1018 3473 1188 1019 3474 1189 1019 3475 1190 1019 3476 1190 1006 3477 1189 1006 3478 1191 1006 3479 1190 1020 3480 1191 1020 3481 1192 1020 3482 1192 82 3483 1191 82 3484 1193 82 3485 1192 1021 3486 1193 1021 3487 1194 1021 3488 1194 82 3489 1193 82 3490 1195 82 3491 1194 1022 3492 1195 1022 3493 1196 1022 3494 1196 82 3495 1195 82 3496 1197 82 3497 1196 1023 3498 1197 1023 3499 1198 1023 3500 1198 1024 3501 1197 1024 3502 1199 1024 3503 1198 82 3504 1199 82 3505 1200 82 3506 1200 82 3507 1199 82 3508 1201 82 3509 1200 82 3510 1201 82 3511 1202 82 3512 1202 82 3513 1201 82 3514 1203 82 3515 1202 1025 3516 1203 1025 3517 1204 1025 3518 1204 82 3519 1203 82 3520 1205 82 3521 1204 82 3522 1205 82 3523 1206 82 3524 1206 1026 3525 1205 1026 3526 1207 1026 3527 1206 1027 3528 1207 1027 3529 1208 1027 3530 1208 82 3531 1207 82 3532 1209 82 3533 1208 82 3534 1209 82 3535 1210 82 3536 1210 1028 3537 1209 1028 3538 1211 1028 3539 1210 1029 3540 1211 1029 3541 1212 1029 3542 1212 1030 3543 1211 1030 3544 1213 1030 3545 1212 1031 3546 1213 1031 3547 1214 1031 3548 1214 1032 3549 1213 1032 3550 1215 1032 3551 1214 82 3552 1215 82 3553 1216 82 3554 1217 1033 3555 1218 1034 3556 1219 1035 3557 1219 1035 3558 1218 1034 3559 1220 1036 3560 1219 1035 3561 1220 1036 3562 1221 1037 3563 1221 1037 3564 1220 1036 3565 1222 1038 3566 1221 1037 3567 1222 1038 3568 1223 1039 3569 1223 1039 3570 1222 1038 3571 1224 1040 3572 1223 1039 3573 1224 1040 3574 1225 1041 3575 1225 1041 3576 1224 1040 3577 1226 1042 3578 1225 1041 3579 1226 1042 3580 1227 1043 3581 1227 1043 3582 1226 1042 3583 1228 1044 3584 1227 1043 3585 1228 1044 3586 1229 1045 3587 1229 1045 3588 1228 1044 3589 1230 1046 3590 1229 1045 3591 1230 1046 3592 1231 1047 3593 1231 1047 3594 1230 1046 3595 1232 1048 3596 1231 1047 3597 1232 1048 3598 1233 1049 3599 1233 1049 3600 1232 1048 3601 1234 1050 3602 1233 1049 3603 1234 1050 3604 1235 1051 3605 1235 1051 3606 1234 1050 3607 1236 1052 3608 1235 1051 3609 1236 1052 3610 1237 1053 3611 1218 1034 3612 1217 1033 3613 1238 1054 3614 1238 1054 3615 1217 1033 3616 1239 1055 3617 1238 1054 3618 1239 1055 3619 1240 1056 3620 1240 1056 3621 1239 1055 3622 1241 1057 3623 1240 1056 3624 1241 1057 3625 1242 1058 3626 1242 1058 3627 1241 1057 3628 1243 1059 3629 1242 1058 3630 1243 1059 3631 1244 1060 3632 1244 1060 3633 1243 1059 3634 1245 1061 3635 1244 1060 3636 1245 1061 3637 1246 1062 3638 1246 1062 3639 1245 1061 3640 1247 1063 3641 1246 1062 3642 1247 1063 3643 1248 1064 3644 1248 1064 3645 1247 1063 3646 1249 1065 3647 1248 1064 3648 1249 1065 3649 1250 1066 3650 1250 1066 3651 1249 1065 3652 1251 1067 3653 1250 1066 3654 1251 1067 3655 1252 1068 3656 1252 1068 3657 1251 1067 3658 1253 1069 3659 1252 1068 3660 1253 1069 3661 1254 1070 3662 1254 1070 3663 1253 1069 3664 1255 1071 3665 1254 1070 3666 1255 1071 3667 1256 1072 3668 1256 1072 3669 1255 1071 3670 1257 1073 3671 1256 1072 3672 1257 1073 3673 1258 1074 3674 1258 1074 3675 1257 1073 3676 1259 1075 3677 1258 1074 3678 1259 1075 3679 1260 1076 3680 1260 1076 3681 1259 1075 3682 1261 1077 3683 1260 1076 3684 1261 1077 3685 1262 1078 3686 1262 1078 3687 1261 1077 3688 1263 1079 3689 1262 1078 3690 1263 1079 3691 1264 1080 3692 1264 1080 3693 1263 1079 3694 1265 1081 3695 1264 1080 3696 1265 1081 3697 1266 1082 3698 1266 1082 3699 1265 1081 3700 1267 1083 3701 1266 1082 3702 1267 1083 3703 1268 1084 3704 1268 1084 3705 1267 1083 3706 1269 1085 3707 1268 1084 3708 1269 1085 3709 1270 1086 3710 1270 1086 3711 1269 1085 3712 1271 1087 3713 1270 1086 3714 1271 1087 3715 1272 1088 3716 1272 1088 3717 1271 1087 3718 1273 1089 3719 1272 1088 3720 1273 1089 3721 1274 1090 3722 1274 1090 3723 1273 1089 3724 1275 1091 3725 1276 1092 3726 1277 1093 3727 1278 1094 3728 1278 1094 3729 1277 1093 3730 1279 1095 3731 1278 1094 3732 1279 1095 3733 1280 1096 3734 1280 1096 3735 1279 1095 3736 1281 1097 3737 1280 1096 3738 1281 1097 3739 1282 1098 3740 1282 1098 3741 1281 1097 3742 1283 1099 3743 1282 1098 3744 1283 1099 3745 1284 1100 3746 1284 1100 3747 1283 1099 3748 1285 1101 3749 1284 1100 3750 1285 1101 3751 1286 1102 3752 1286 1102 3753 1285 1101 3754 1287 1103 3755 1286 1102 3756 1287 1103 3757 1288 1104 3758 1288 1104 3759 1287 1103 3760 1289 1105 3761 1288 1104 3762 1289 1105 3763 1290 1106 3764 1290 1106 3765 1289 1105 3766 1291 1107 3767 1290 1106 3768 1291 1107 3769 1292 1108 3770 1292 1108 3771 1291 1107 3772 1293 1109 3773 1292 1108 3774 1293 1109 3775 1294 1110 3776 1294 1110 3777 1293 1109 3778 1295 1111 3779 1294 1110 3780 1295 1111 3781 1296 1112 3782 1296 1112 3783 1295 1111 3784 1297 1113 3785 1296 1112 3786 1297 1113 3787 1298 1114 3788 1298 1114 3789 1297 1113 3790 1237 1053 3791 1237 1053 3792 1297 1113 3793 1235 1051 3794 1292 1108 3795 1299 1115 3796 1290 1106 3797 1300 1116 3798 1301 1116 3799 1302 1116 3800 1302 1117 3801 1301 1117 3802 1303 1117 3803 1302 1118 3804 1303 1118 3805 1304 1118 3806 1304 1119 3807 1303 1119 3808 1305 1119 3809 1304 1120 3810 1305 1120 3811 1306 1120 3812 1306 1121 3813 1305 1121 3814 1307 1121 3815 1306 1122 3816 1307 1122 3817 1308 1122 3818 1308 1123 3819 1307 1123 3820 1309 1123 3821 1308 1124 3822 1309 1124 3823 1310 1124 3824 1310 1125 3825 1309 1125 3826 1311 1125 3827 1310 1126 3828 1311 1126 3829 1312 1126 3830 1312 1127 3831 1311 1127 3832 1313 1127 3833 1312 1128 3834 1313 1128 3835 1314 1128 3836 1301 1129 3837 1300 1129 3838 1315 1129 3839 1315 1130 3840 1300 1130 3841 1316 1130 3842 1315 1131 3843 1316 1131 3844 1317 1131 3845 1317 1132 3846 1316 1132 3847 1318 1132 3848 1317 1133 3849 1318 1133 3850 1319 1133 3851 1319 1134 3852 1318 1134 3853 1320 1134 3854 1319 1135 3855 1320 1135 3856 1321 1135 3857 1321 1136 3858 1320 1136 3859 1322 1136 3860 1321 1137 3861 1322 1137 3862 1323 1137 3863 1324 1138 3864 1325 1138 3865 1326 1138 3866 1326 1139 3867 1325 1139 3868 1327 1139 3869 1326 1140 3870 1327 1140 3871 1328 1140 3872 1328 1141 3873 1327 1141 3874 1329 1141 3875 1328 1142 3876 1329 1142 3877 1330 1142 3878 1330 1143 3879 1329 1143 3880 1331 1143 3881 1330 1144 3882 1331 1144 3883 1332 1144 3884 1330 1145 3885 1332 1145 3886 1333 1145 3887 1333 1146 3888 1332 1146 3889 1334 1146 3890 1333 1147 3891 1334 1147 3892 1335 1147 3893 1335 1148 3894 1334 1148 3895 1336 1148 3896 1335 1149 3897 1336 1149 3898 1337 1149 3899 1337 1150 3900 1336 1150 3901 1338 1150 3902 1337 1151 3903 1338 1151 3904 1339 1151 3905 1337 1152 3906 1339 1152 3907 1340 1152 3908 1340 1153 3909 1339 1153 3910 1341 1153 3911 1340 1154 3912 1341 1154 3913 1342 1154 3914 1342 1155 3915 1341 1155 3916 1343 1155 3917 1342 1156 3918 1343 1156 3919 1344 1156 3920 1344 1157 3921 1343 1157 3922 1345 1157 3923 1344 1158 3924 1345 1158 3925 1346 1158 3926 1344 1159 3927 1346 1159 3928 1347 1159 3929 1347 1160 3930 1346 1160 3931 1348 1160 3932 1347 1161 3933 1348 1161 3934 1349 1161 3935 1349 1162 3936 1348 1162 3937 1350 1162 3938 1349 1163 3939 1350 1163 3940 1351 1163 3941 1349 1164 3942 1351 1164 3943 1352 1164 3944 1352 1165 3945 1351 1165 3946 1353 1165 3947 1352 1166 3948 1353 1166 3949 1354 1166 3950 1354 1167 3951 1353 1167 3952 1355 1167 3953 1354 82 3954 1355 82 3955 1356 82 3956 1354 1168 3957 1356 1168 3958 1357 1168 3959 1357 1169 3960 1356 1169 3961 1358 1169 3962 1357 1170 3963 1358 1170 3964 1359 1170 3965 1359 1171 3966 1358 1171 3967 1360 1171 3968 1359 1172 3969 1360 1172 3970 1361 1172 3971 1361 1173 3972 1360 1173 3973 1362 1173 3974 1361 1174 3975 1362 1174 3976 1363 1174 3977 1361 1175 3978 1363 1175 3979 1364 1175 3980 1364 1176 3981 1363 1176 3982 1365 1176 3983 1364 1177 3984 1365 1177 3985 1366 1177 3986 1366 1178 3987 1365 1178 3988 1367 1178 3989 1366 1179 3990 1367 1179 3991 1368 1179 3992 1366 1180 3993 1368 1180 3994 1369 1180 3995 1369 1181 3996 1368 1181 3997 1370 1181 3998 1369 1182 3999 1370 1182 4000 1371 1182 4001 1371 1183 4002 1370 1183 4003 1372 1183 4004 1371 1184 4005 1372 1184 4006 1373 1184 4007 1373 1151 4008 1372 1151 4009 1374 1151 4010 1373 1185 4011 1374 1185 4012 1375 1185 4013 1373 1186 4014 1375 1186 4015 1376 1186 4016 1376 1187 4017 1375 1187 4018 1377 1187 4019 1376 1188 4020 1377 1188 4021 1378 1188 4022 1378 1189 4023 1377 1189 4024 1379 1189 4025 1378 1190 4026 1379 1190 4027 1380 1190 4028 1380 1191 4029 1379 1191 4030 1381 1191 4031 1380 1192 4032 1381 1192 4033 1382 1192 4034 1380 1193 4035 1382 1193 4036 1383 1193 4037 1383 1194 4038 1382 1194 4039 1324 1194 4040 1383 1195 4041 1324 1195 4042 1326 1195 4043</p>
        </triangles>
        <triangles material="Material_007-material" count="98">
          <input semantic="VERTEX" source="#meshes_0_-13_001-mesh-vertices" offset="0"/>
          <input semantic="NORMAL" source="#meshes_0_-13_001-mesh-normals" offset="1"/>
          <input semantic="TEXCOORD" source="#meshes_0_-13_001-mesh-map" offset="2" set="0"/>
          <p>303 289 885 304 289 886 305 289 887 305 290 888 304 290 889 306 290 890 305 291 891 306 291 892 307 291 893 304 292 894 303 292 895 308 292 896 308 293 897 303 293 898 309 293 899 308 294 900 309 294 901 310 294 902 310 295 903 309 295 904 311 295 905 310 296 906 311 296 907 312 296 908 312 297 909 311 297 910 313 297 911 312 298 912 313 298 913 314 298 914 314 299 915 313 299 916 315 299 917 314 300 918 315 300 919 316 300 920 316 301 921 315 301 922 317 301 923 316 302 924 317 302 925 318 302 926 318 303 927 317 303 928 319 303 929 318 304 930 319 304 931 320 304 932 320 305 933 319 305 934 321 305 935 320 304 936 321 304 937 322 304 938 322 306 939 321 306 940 323 306 941 322 307 942 323 307 943 324 307 944 324 308 945 323 308 946 325 308 947 324 309 948 325 309 949 326 309 950 326 310 951 325 310 952 327 310 953 326 311 954 327 311 955 328 311 956 328 312 957 327 312 958 329 312 959 328 313 960 329 313 961 330 313 962 330 314 963 329 314 964 331 314 965 330 315 966 331 315 967 332 315 968 332 316 969 331 316 970 333 316 971 332 317 972 333 317 973 334 317 974 334 318 975 333 318 976 335 318 977 334 319 978 335 319 979 336 319 980 336 320 981 335 320 982 337 320 983 336 304 984 337 304 985 338 304 986 338 321 987 337 321 988 339 321 989 338 304 990 339 304 991 340 304 992 340 322 993 339 322 994 341 322 995 340 323 996 341 323 997 342 323 998 342 324 999 341 324 1000 343 324 1001 342 325 1002 343 325 1003 344 325 1004 344 326 1005 343 326 1006 345 326 1007 344 327 1008 345 327 1009 346 327 1010 346 328 1011 345 328 1012 347 328 1013 346 329 1014 347 329 1015 348 329 1016 348 330 1017 347 330 1018 349 330 1019 348 331 1020 349 331 1021 350 331 1022 350 332 1023 349 332 1024 351 332 1025 350 333 1026 351 333 1027 307 333 1028 307 334 1029 351 334 1030 305 334 1031 352 335 1032 353 335 1033 354 335 1034 354 336 1035 353 336 1036 355 336 1037 354 337 1038 355 337 1039 356 337 1040 356 338 1041 355 338 1042 357 338 1043 356 339 1044 357 339 1045 358 339 1046 358 340 1047 357 340 1048 359 340 1049 358 341 1050 359 341 1051 360 341 1052 360 304 1053 359 304 1054 361 304 1055 360 304 1056 361 304 1057 362 304 1058 362 342 1059 361 342 1060 363 342 1061 362 343 1062 363 343 1063 364 343 1064 364 344 1065 363 344 1066 365 344 1067 364 345 1068 365 345 1069 366 345 1070 366 346 1071 365 346 1072 367 346 1073 366 304 1074 367 304 1075 368 304 1076 368 347 1077 367 347 1078 369 347 1079 368 348 1080 369 348 1081 370 348 1082 370 349 1083 369 349 1084 371 349 1085 370 350 1086 371 350 1087 372 350 1088 372 351 1089 371 351 1090 373 351 1091 372 352 1092 373 352 1093 374 352 1094 374 353 1095 373 353 1096 375 353 1097 374 354 1098 375 354 1099 376 354 1100 376 355 1101 375 355 1102 377 355 1103 376 356 1104 377 356 1105 378 356 1106 378 357 1107 377 357 1108 379 357 1109 378 358 1110 379 358 1111 380 358 1112 380 359 1113 379 359 1114 381 359 1115 380 360 1116 381 360 1117 382 360 1118 382 361 1119 381 361 1120 383 361 1121 382 362 1122 383 362 1123 384 362 1124 384 363 1125 383 363 1126 385 363 1127 384 364 1128 385 364 1129 386 364 1130 386 365 1131 385 365 1132 387 365 1133 386 366 1134 387 366 1135 388 366 1136 388 367 1137 387 367 1138 389 367 1139 388 304 1140 389 304 1141 390 304 1142 390 304 1143 389 304 1144 391 304 1145 390 368 1146 391 368 1147 392 368 1148 392 369 1149 391 369 1150 393 369 1151 392 304 1152 393 304 1153 394 304 1154 394 370 1155 393 370 1156 395 370 1157 394 304 1158 395 304 1159 396 304 1160 396 371 1161 395 371 1162 397 371 1163 396 304 1164 397 304 1165 398 304 1166 398 372 1167 397 372 1168 399 372 1169 398 373 1170 399 373 1171 400 373 1172 400 374 1173 399 374 1174 352 374 1175 400 375 1176 352 375 1177 354 375 1178</p>
        </triangles>
        <triangles material="Stainless_Steel_-_Polished_001-material" count="350">
          <input semantic="VERTEX" source="#meshes_0_-13_001-mesh-vertices" offset="0"/>
          <input semantic="NORMAL" source="#meshes_0_-13_001-mesh-normals" offset="1"/>
          <input semantic="TEXCOORD" source="#meshes_0_-13_001-mesh-map" offset="2" set="0"/>
          <p>451 304 1323 452 304 1324 453 304 1325 453 304 1326 452 304 1327 454 304 1328 453 304 1329 454 304 1330 455 304 1331 455 304 1332 454 304 1333 456 304 1334 455 425 1335 456 425 1336 457 425 1337 457 304 1338 456 304 1339 458 304 1340 457 304 1341 458 304 1342 459 304 1343 459 304 1344 458 304 1345 460 304 1346 459 426 1347 460 426 1348 461 426 1349 461 427 1350 460 427 1351 462 427 1352 461 428 1353 462 428 1354 463 428 1355 463 429 1356 462 429 1357 464 429 1358 463 430 1359 464 430 1360 465 430 1361 452 304 1362 451 304 1363 466 304 1364 466 304 1365 451 304 1366 467 304 1367 466 304 1368 467 304 1369 468 304 1370 468 304 1371 467 304 1372 469 304 1373 468 304 1374 469 304 1375 470 304 1376 470 431 1377 469 431 1378 471 431 1379 470 432 1380 471 432 1381 472 432 1382 472 433 1383 471 433 1384 473 433 1385 472 434 1386 473 434 1387 474 434 1388 475 435 1389 476 436 1390 477 437 1391 478 438 1392 479 439 1393 480 440 1394 478 438 1395 480 440 1396 481 441 1397 481 441 1398 480 440 1399 482 442 1400 481 441 1401 482 442 1402 483 443 1403 483 443 1404 482 442 1405 484 444 1406 483 443 1407 484 444 1408 485 445 1409 485 445 1410 484 444 1411 486 446 1412 485 445 1413 486 446 1414 487 447 1415 487 447 1416 486 446 1417 488 448 1418 487 447 1419 488 448 1420 489 449 1421 489 449 1422 488 448 1423 490 450 1424 489 449 1425 490 450 1426 491 451 1427 491 451 1428 490 450 1429 492 452 1430 491 451 1431 492 452 1432 493 453 1433 493 453 1434 492 452 1435 494 454 1436 493 453 1437 494 454 1438 495 455 1439 495 455 1440 494 454 1441 496 456 1442 495 455 1443 496 456 1444 497 457 1445 497 457 1446 496 456 1447 498 458 1448 497 457 1449 498 458 1450 499 459 1451 499 459 1452 498 458 1453 500 460 1454 499 459 1455 500 460 1456 501 461 1457 501 461 1458 500 460 1459 502 462 1460 501 461 1461 502 462 1462 503 463 1463 503 463 1464 502 462 1465 504 464 1466 503 463 1467 504 464 1468 505 465 1469 505 465 1470 504 464 1471 506 466 1472 505 465 1473 506 466 1474 507 467 1475 507 467 1476 506 466 1477 508 468 1478 507 467 1479 508 468 1480 509 469 1481 509 469 1482 508 468 1483 510 470 1484 509 469 1485 510 470 1486 511 471 1487 511 471 1488 510 470 1489 512 472 1490 511 471 1491 512 472 1492 513 473 1493 513 473 1494 512 472 1495 514 474 1496 513 473 1497 514 474 1498 515 475 1499 515 475 1500 514 474 1501 516 476 1502 515 475 1503 516 476 1504 517 477 1505 517 477 1506 516 476 1507 518 478 1508 517 477 1509 518 478 1510 519 479 1511 519 479 1512 518 478 1513 520 480 1514 519 479 1515 520 480 1516 521 481 1517 521 481 1518 520 480 1519 522 482 1520 521 481 1521 522 482 1522 523 483 1523 523 483 1524 522 482 1525 524 484 1526 523 483 1527 524 484 1528 525 485 1529 525 485 1530 524 484 1531 526 486 1532 525 485 1533 526 486 1534 475 435 1535 475 435 1536 526 486 1537 476 436 1538 527 487 1539 528 488 1540 529 489 1541 529 489 1542 528 488 1543 530 490 1544 531 491 1545 532 492 1546 533 493 1547 533 493 1548 532 492 1549 534 494 1550 533 493 1551 534 494 1552 535 495 1553 535 495 1554 534 494 1555 536 496 1556 535 495 1557 536 496 1558 537 497 1559 537 497 1560 536 496 1561 538 498 1562 537 497 1563 538 498 1564 539 499 1565 539 499 1566 538 498 1567 540 500 1568 539 499 1569 540 500 1570 541 501 1571 541 501 1572 540 500 1573 542 502 1574 541 501 1575 542 502 1576 543 503 1577 543 503 1578 542 502 1579 544 504 1580 543 503 1581 544 504 1582 545 505 1583 545 505 1584 544 504 1585 546 506 1586 545 505 1587 546 506 1588 547 507 1589 547 507 1590 546 506 1591 548 508 1592 547 507 1593 548 508 1594 549 509 1595 549 509 1596 548 508 1597 550 510 1598 549 509 1599 550 510 1600 551 511 1601 551 511 1602 550 510 1603 552 512 1604 551 511 1605 552 512 1606 553 513 1607 553 513 1608 552 512 1609 554 514 1610 553 513 1611 554 514 1612 555 515 1613 555 515 1614 554 514 1615 556 516 1616 555 515 1617 556 516 1618 557 517 1619 557 517 1620 556 516 1621 558 518 1622 557 517 1623 558 518 1624 559 519 1625 559 519 1626 558 518 1627 560 520 1628 559 519 1629 560 520 1630 561 521 1631 561 521 1632 560 520 1633 562 522 1634 561 521 1635 562 522 1636 563 523 1637 563 523 1638 562 522 1639 564 524 1640 563 523 1641 564 524 1642 565 525 1643 565 525 1644 564 524 1645 566 526 1646 565 525 1647 566 526 1648 567 527 1649 567 527 1650 566 526 1651 568 528 1652 567 527 1653 568 528 1654 569 529 1655 569 529 1656 568 528 1657 570 530 1658 569 529 1659 570 530 1660 571 531 1661 571 531 1662 570 530 1663 572 532 1664 571 531 1665 572 532 1666 573 533 1667 573 533 1668 572 532 1669 574 534 1670 573 533 1671 574 534 1672 575 535 1673 575 535 1674 574 534 1675 576 536 1676 575 535 1677 576 536 1678 577 537 1679 577 537 1680 576 536 1681 578 538 1682 577 537 1683 578 538 1684 579 539 1685 579 539 1686 578 538 1687 580 540 1688 579 539 1689 580 540 1690 527 487 1691 527 487 1692 580 540 1693 528 488 1694 581 304 1695 582 304 1696 583 304 1697 583 304 1698 582 304 1699 584 304 1700 583 304 1701 584 304 1702 585 304 1703 582 304 1704 581 304 1705 586 304 1706 586 304 1707 581 304 1708 587 304 1709 586 541 1710 587 541 1711 588 541 1712 588 542 1713 587 542 1714 589 542 1715 588 543 1716 589 543 1717 590 543 1718 590 544 1719 589 544 1720 591 544 1721 590 545 1722 591 545 1723 592 545 1724 592 546 1725 591 546 1726 593 546 1727 592 304 1728 593 304 1729 594 304 1730 594 547 1731 593 547 1732 595 547 1733 594 548 1734 595 548 1735 596 548 1736 596 304 1737 595 304 1738 597 304 1739 596 549 1740 597 549 1741 598 549 1742 598 550 1743 597 550 1744 599 550 1745 598 551 1746 599 551 1747 600 551 1748 600 552 1749 599 552 1750 601 552 1751 600 553 1752 601 553 1753 602 553 1754 602 304 1755 601 304 1756 603 304 1757 602 304 1758 603 304 1759 604 304 1760 604 304 1761 603 304 1762 605 304 1763 604 554 1764 605 554 1765 606 554 1766 606 304 1767 605 304 1768 607 304 1769 606 304 1770 607 304 1771 608 304 1772 608 304 1773 607 304 1774 609 304 1775 608 304 1776 609 304 1777 610 304 1778 610 304 1779 609 304 1780 611 304 1781 610 304 1782 611 304 1783 612 304 1784 612 304 1785 611 304 1786 613 304 1787 612 304 1788 613 304 1789 614 304 1790 614 555 1791 613 555 1792 615 555 1793 614 556 1794 615 556 1795 616 556 1796 616 557 1797 615 557 1798 617 557 1799 616 558 1800 617 558 1801 618 558 1802 618 559 1803 617 559 1804 619 559 1805 618 560 1806 619 560 1807 620 560 1808 620 304 1809 619 304 1810 621 304 1811 620 561 1812 621 561 1813 622 561 1814 622 562 1815 621 562 1816 623 562 1817 622 304 1818 623 304 1819 624 304 1820 624 563 1821 623 563 1822 625 563 1823 624 564 1824 625 564 1825 626 564 1826 626 304 1827 625 304 1828 627 304 1829 626 565 1830 627 565 1831 628 565 1832 628 566 1833 627 566 1834 629 566 1835 628 567 1836 629 567 1837 630 567 1838 630 568 1839 629 568 1840 631 568 1841 630 569 1842 631 569 1843 585 569 1844 585 304 1845 631 304 1846 583 304 1847 821 304 2427 822 304 2428 823 304 2429 823 304 2430 822 304 2431 824 304 2432 823 304 2433 824 304 2434 825 304 2435 825 304 2436 824 304 2437 826 304 2438 825 304 2439 826 304 2440 827 304 2441 827 304 2442 826 304 2443 828 304 2444 827 304 2445 828 304 2446 829 304 2447 829 304 2448 828 304 2449 830 304 2450 829 304 2451 830 304 2452 831 304 2453 831 724 2454 830 724 2455 832 724 2456 831 725 2457 832 725 2458 833 725 2459 833 726 2460 832 726 2461 834 726 2462 833 727 2463 834 727 2464 835 727 2465 822 304 2466 821 304 2467 836 304 2468 836 304 2469 821 304 2470 837 304 2471 836 304 2472 837 304 2473 838 304 2474 838 304 2475 837 304 2476 839 304 2477 838 728 2478 839 728 2479 840 728 2480 840 729 2481 839 729 2482 841 729 2483 840 428 2484 841 428 2485 842 428 2486 842 730 2487 841 730 2488 843 730 2489 842 731 2490 843 731 2491 844 731 2492 845 732 2493 846 733 2494 847 734 2495 848 735 2496 849 736 2497 850 737 2498 848 735 2499 850 737 2500 851 738 2501 851 738 2502 850 737 2503 852 739 2504 851 738 2505 852 739 2506 853 740 2507 853 740 2508 852 739 2509 854 741 2510 853 740 2511 854 741 2512 855 742 2513 855 742 2514 854 741 2515 856 743 2516 855 742 2517 856 743 2518 857 744 2519 857 744 2520 856 743 2521 858 745 2522 857 744 2523 858 745 2524 859 746 2525 859 746 2526 858 745 2527 860 747 2528 859 746 2529 860 747 2530 861 748 2531 861 748 2532 860 747 2533 862 749 2534 861 748 2535 862 749 2536 863 750 2537 863 750 2538 862 749 2539 864 751 2540 863 750 2541 864 751 2542 865 752 2543 865 752 2544 864 751 2545 866 753 2546 865 752 2547 866 753 2548 867 754 2549 867 754 2550 866 753 2551 868 755 2552 867 754 2553 868 755 2554 869 756 2555 869 756 2556 868 755 2557 870 757 2558 869 756 2559 870 757 2560 871 758 2561 871 758 2562 870 757 2563 872 759 2564 871 758 2565 872 759 2566 873 760 2567 873 760 2568 872 759 2569 874 761 2570 873 760 2571 874 761 2572 875 762 2573 875 762 2574 874 761 2575 876 763 2576 875 762 2577 876 763 2578 877 764 2579 877 764 2580 876 763 2581 878 765 2582 877 764 2583 878 765 2584 879 766 2585 879 766 2586 878 765 2587 880 767 2588 879 766 2589 880 767 2590 881 768 2591 881 768 2592 880 767 2593 882 769 2594 881 768 2595 882 769 2596 883 770 2597 883 770 2598 882 769 2599 884 771 2600 883 770 2601 884 771 2602 885 772 2603 885 772 2604 884 771 2605 886 773 2606 885 772 2607 886 773 2608 887 774 2609 887 774 2610 886 773 2611 888 775 2612 887 774 2613 888 775 2614 889 776 2615 889 776 2616 888 775 2617 890 777 2618 889 776 2619 890 777 2620 891 778 2621 891 778 2622 890 777 2623 892 779 2624 891 778 2625 892 779 2626 893 780 2627 893 780 2628 892 779 2629 894 781 2630 893 780 2631 894 781 2632 895 782 2633 895 782 2634 894 781 2635 896 783 2636 895 782 2637 896 783 2638 845 732 2639 845 732 2640 896 783 2641 846 733 2642 897 784 2643 898 785 2644 899 786 2645 899 786 2646 898 785 2647 900 787 2648 901 788 2649 902 789 2650 903 790 2651 903 790 2652 902 789 2653 904 791 2654 903 790 2655 904 791 2656 905 792 2657 905 792 2658 904 791 2659 906 793 2660 905 792 2661 906 793 2662 907 794 2663 907 794 2664 906 793 2665 908 795 2666 907 794 2667 908 795 2668 909 796 2669 909 796 2670 908 795 2671 910 797 2672 909 796 2673 910 797 2674 911 798 2675 911 798 2676 910 797 2677 912 799 2678 911 798 2679 912 799 2680 913 800 2681 913 800 2682 912 799 2683 914 801 2684 913 800 2685 914 801 2686 915 802 2687 915 802 2688 914 801 2689 916 803 2690 915 802 2691 916 803 2692 917 804 2693 917 804 2694 916 803 2695 918 805 2696 917 804 2697 918 805 2698 919 806 2699 919 806 2700 918 805 2701 920 807 2702 919 806 2703 920 807 2704 921 808 2705 921 808 2706 920 807 2707 922 809 2708 921 808 2709 922 809 2710 923 810 2711 923 810 2712 922 809 2713 924 811 2714 923 810 2715 924 811 2716 925 812 2717 925 812 2718 924 811 2719 926 813 2720 925 812 2721 926 813 2722 927 814 2723 927 814 2724 926 813 2725 928 815 2726 927 814 2727 928 815 2728 929 816 2729 929 816 2730 928 815 2731 930 817 2732 929 816 2733 930 817 2734 931 818 2735 931 818 2736 930 817 2737 932 819 2738 931 818 2739 932 819 2740 933 820 2741 933 820 2742 932 819 2743 934 821 2744 933 820 2745 934 821 2746 935 822 2747 935 822 2748 934 821 2749 936 823 2750 935 822 2751 936 823 2752 937 824 2753 937 824 2754 936 823 2755 938 825 2756 937 824 2757 938 825 2758 939 826 2759 939 826 2760 938 825 2761 940 827 2762 939 826 2763 940 827 2764 941 828 2765 941 828 2766 940 827 2767 942 829 2768 941 828 2769 942 829 2770 943 830 2771 943 830 2772 942 829 2773 944 831 2774 943 830 2775 944 831 2776 945 832 2777 945 832 2778 944 831 2779 946 833 2780 945 832 2781 946 833 2782 947 834 2783 947 834 2784 946 833 2785 948 835 2786 947 834 2787 948 835 2788 949 836 2789 949 836 2790 948 835 2791 950 837 2792 949 836 2793 950 837 2794 897 784 2795 897 784 2796 950 837 2797 898 785 2798 951 304 2799 952 304 2800 953 304 2801 953 304 2802 952 304 2803 954 304 2804 953 304 2805 954 304 2806 955 304 2807 952 304 2808 951 304 2809 956 304 2810 956 838 2811 951 838 2812 957 838 2813 956 304 2814 957 304 2815 958 304 2816 958 304 2817 957 304 2818 959 304 2819 958 304 2820 959 304 2821 960 304 2822 960 839 2823 959 839 2824 961 839 2825 960 840 2826 961 840 2827 962 840 2828 962 304 2829 961 304 2830 963 304 2831 962 841 2832 963 841 2833 964 841 2834 964 842 2835 963 842 2836 965 842 2837 964 843 2838 965 843 2839 966 843 2840 966 844 2841 965 844 2842 967 844 2843 966 845 2844 967 845 2845 968 845 2846 968 304 2847 967 304 2848 969 304 2849 968 846 2850 969 846 2851 970 846 2852 970 304 2853 969 304 2854 971 304 2855 970 847 2856 971 847 2857 972 847 2858 972 848 2859 971 848 2860 973 848 2861 972 304 2862 973 304 2863 974 304 2864 974 304 2865 973 304 2866 975 304 2867 974 304 2868 975 304 2869 976 304 2870 976 304 2871 975 304 2872 977 304 2873 976 304 2874 977 304 2875 978 304 2876 978 304 2877 977 304 2878 979 304 2879 978 304 2880 979 304 2881 980 304 2882 980 304 2883 979 304 2884 981 304 2885 980 304 2886 981 304 2887 982 304 2888 982 304 2889 981 304 2890 983 304 2891 982 304 2892 983 304 2893 984 304 2894 984 849 2895 983 849 2896 985 849 2897 984 850 2898 985 850 2899 986 850 2900 986 304 2901 985 304 2902 987 304 2903 986 304 2904 987 304 2905 988 304 2906 988 851 2907 987 851 2908 989 851 2909 988 304 2910 989 304 2911 990 304 2912 990 852 2913 989 852 2914 991 852 2915 990 853 2916 991 853 2917 992 853 2918 992 854 2919 991 854 2920 993 854 2921 992 855 2922 993 855 2923 994 855 2924 994 856 2925 993 856 2926 995 856 2927 994 857 2928 995 857 2929 996 857 2930 996 858 2931 995 858 2932 997 858 2933 996 859 2934 997 859 2935 998 859 2936 998 860 2937 997 860 2938 999 860 2939 998 861 2940 999 861 2941 1000 861 2942 1000 304 2943 999 304 2944 1001 304 2945 1000 862 2946 1001 862 2947 955 862 2948 955 304 2949 1001 304 2950 953 304 2951</p>
        </triangles>
      </mesh>
    </geometry>
  </library_geometries>
  <library_visual_scenes>
    <visual_scene id="Scene" name="Scene">
      <node id="g_Body5_013" name="g Body5.013" type="NODE">
        <matrix sid="transform">1 0 0 0 0 1 0 0 0 0 1 0 0 0 0 1</matrix>
        <instance_geometry url="#meshes_0_-13_001-mesh" name="g Body5.013">
          <bind_material>
            <technique_common>
              <instance_material symbol="Material_007-material" target="#Material_007-material">
                <bind_vertex_input semantic="meshesQ0S-2-tex0" input_semantic="TEXCOORD" input_set="0"/>
              </instance_material>
              <instance_material symbol="Material_007-material" target="#Material_007-material">
                <bind_vertex_input semantic="meshesQ0S-2-tex0" input_semantic="TEXCOORD" input_set="0"/>
              </instance_material>
              <instance_material symbol="Stainless_Steel_-_Polished_001-material" target="#Stainless_Steel_-_Polished_001-material">
                <bind_vertex_input semantic="meshesQ0S-2-tex0" input_semantic="TEXCOORD" input_set="0"/>
              </instance_material>
            </technique_common>
          </bind_material>
        </instance_geometry>
      </node>
    </visual_scene>
  </library_visual_scenes>
  <scene>
    <instance_visual_scene url="#Scene"/>
  </scene>
</COLLADA>